-- phpMyAdmin SQL Dump
-- version 3.5.2.2
-- http://www.phpmyadmin.net
--
-- Host: 127.0.0.1
-- Generation Time: Nov 15, 2013 at 12:22 PM
-- Server version: 5.5.27
-- PHP Version: 5.4.7

SET SQL_MODE="NO_AUTO_VALUE_ON_ZERO";
SET time_zone = "+00:00";


/*!40101 SET @OLD_CHARACTER_SET_CLIENT=@@CHARACTER_SET_CLIENT */;
/*!40101 SET @OLD_CHARACTER_SET_RESULTS=@@CHARACTER_SET_RESULTS */;
/*!40101 SET @OLD_COLLATION_CONNECTION=@@COLLATION_CONNECTION */;
/*!40101 SET NAMES utf8 */;

--
-- Database: `enquete.nl`
--

-- --------------------------------------------------------

--
-- Table structure for table `activity`
--

CREATE TABLE IF NOT EXISTS `activity` (
  `activity_id` int(11) NOT NULL AUTO_INCREMENT,
  `value` varchar(255) NOT NULL,
  `description` text,
  `source_id` int(11) NOT NULL,
  `create_date` datetime NOT NULL,
  PRIMARY KEY (`activity_id`)
) ENGINE=InnoDB  DEFAULT CHARSET=latin1 AUTO_INCREMENT=20 ;

--
-- Dumping data for table `activity`
--

INSERT INTO `activity` (`activity_id`, `value`, `description`, `source_id`, `create_date`) VALUES
(1, 'Sporten', NULL, 0, '0000-00-00 00:00:00'),
(2, 'Vakantie', NULL, 0, '0000-00-00 00:00:00'),
(3, 'Weekend weg', NULL, 0, '0000-00-00 00:00:00'),
(4, 'Jacht/ paardensport', NULL, 0, '0000-00-00 00:00:00'),
(5, 'Bezoek aan filmhuis', NULL, 0, '0000-00-00 00:00:00'),
(6, 'Bezoek aan bioscoop\r\n', NULL, 0, '0000-00-00 00:00:00'),
(7, 'Bezoek aan museum\r\n', NULL, 0, '0000-00-00 00:00:00'),
(8, 'Vissen', NULL, 0, '0000-00-00 00:00:00'),
(9, 'Concert klassieke muziek', NULL, 0, '0000-00-00 00:00:00'),
(10, 'Concert Nederlandstalige popmuziek\r\n', NULL, 0, '0000-00-00 00:00:00'),
(11, 'Concert buitenlandse popmuziek', NULL, 0, '0000-00-00 00:00:00'),
(12, 'Dierentuinbezoek', NULL, 0, '0000-00-00 00:00:00'),
(13, 'Modelbouw/ breien/ handwerken\r\n', NULL, 0, '0000-00-00 00:00:00'),
(14, 'Theater/ schouwburg', NULL, 0, '0000-00-00 00:00:00'),
(15, 'Opera', NULL, 0, '0000-00-00 00:00:00'),
(16, 'Bezoek aan café\r\n', NULL, 0, '0000-00-00 00:00:00'),
(17, 'Restaurantbezoek/ uit eten', NULL, 0, '0000-00-00 00:00:00'),
(18, 'Festivals (muziek, theater, kunst)', NULL, 0, '0000-00-00 00:00:00'),
(19, 'Fotograferen', NULL, 0, '0000-00-00 00:00:00');

-- --------------------------------------------------------

--
-- Table structure for table `artist`
--

CREATE TABLE IF NOT EXISTS `artist` (
  `artist_id` int(11) NOT NULL AUTO_INCREMENT,
  `value` varchar(255) NOT NULL,
  `description` text,
  `create_date` datetime NOT NULL,
  PRIMARY KEY (`artist_id`)
) ENGINE=InnoDB  DEFAULT CHARSET=latin1 AUTO_INCREMENT=31 ;

--
-- Dumping data for table `artist`
--

INSERT INTO `artist` (`artist_id`, `value`, `description`, `create_date`) VALUES
(1, 'Botero', NULL, '0000-00-00 00:00:00'),
(2, 'Pieter Brueghel', NULL, '0000-00-00 00:00:00'),
(3, 'Paul Cezanne', NULL, '0000-00-00 00:00:00'),
(4, 'Corneille', NULL, '0000-00-00 00:00:00'),
(5, 'William Denovo', '(XX)', '0000-00-00 00:00:00'),
(6, 'Paul Gauguin', NULL, '0000-00-00 00:00:00'),
(7, 'Vincent van Gogh', NULL, '0000-00-00 00:00:00'),
(8, 'Joseph Gobatovicz ', '(XX) ', '0000-00-00 00:00:00'),
(9, 'Keith Haring', NULL, '0000-00-00 00:00:00'),
(10, 'Edward Hopper', NULL, '0000-00-00 00:00:00'),
(11, 'Wassily Kandinsky', NULL, '0000-00-00 00:00:00'),
(12, 'Paul Klee', NULL, '0000-00-00 00:00:00'),
(13, 'Gustav Klimt', NULL, '0000-00-00 00:00:00'),
(14, 'Christopher Knotter', ' (XX)  ', '0000-00-00 00:00:00'),
(15, 'Willem de Kooning', NULL, '0000-00-00 00:00:00'),
(16, 'Roy Liechtenstein', NULL, '0000-00-00 00:00:00'),
(17, 'Kasimir Malevitch', NULL, '0000-00-00 00:00:00'),
(18, 'Henri Matisse', NULL, '0000-00-00 00:00:00'),
(19, 'Hendrik Willem Mesdag', NULL, '0000-00-00 00:00:00'),
(20, 'Pieter Cornelis Mondriaan', NULL, '0000-00-00 00:00:00'),
(21, 'Anton Pieck', NULL, '0000-00-00 00:00:00'),
(22, 'Pierre August Renoir', NULL, '0000-00-00 00:00:00'),
(24, 'Laïsha Remmerzwaan', '(XX)', '0000-00-00 00:00:00'),
(25, 'Rembrandt van Rijn', NULL, '0000-00-00 00:00:00'),
(26, 'Mark Rothko', NULL, '0000-00-00 00:00:00'),
(27, 'Georges Seurat', NULL, '0000-00-00 00:00:00'),
(28, 'Pieter Paul Rubens', NULL, '0000-00-00 00:00:00'),
(29, 'Johannes Vermeer', NULL, '0000-00-00 00:00:00'),
(30, 'Katinka Simonse', NULL, '2013-10-11 00:00:00');

-- --------------------------------------------------------

--
-- Table structure for table `contact`
--

CREATE TABLE IF NOT EXISTS `contact` (
  `contact_id` int(11) NOT NULL AUTO_INCREMENT,
  `date_of_birth` datetime NOT NULL,
  `is_female` tinyint(1) NOT NULL,
  `education_id` int(11) NOT NULL,
  `knowledge_base` int(11) NOT NULL,
  `email` varchar(255) DEFAULT NULL,
  `create_date` datetime NOT NULL,
  PRIMARY KEY (`contact_id`)
) ENGINE=InnoDB  DEFAULT CHARSET=latin1 AUTO_INCREMENT=6 ;

--
-- Dumping data for table `contact`
--

INSERT INTO `contact` (`contact_id`, `date_of_birth`, `is_female`, `education_id`, `knowledge_base`, `email`, `create_date`) VALUES
(3, '1983-01-01 00:00:00', 0, 2, 2, '', '2013-11-15 11:27:46'),
(4, '1983-01-01 00:00:00', 0, 2, 2, '', '2013-11-15 11:27:56'),
(5, '1983-01-01 00:00:00', 0, 2, 2, NULL, '2013-11-15 11:28:41');

-- --------------------------------------------------------

--
-- Table structure for table `contact_activity`
--

CREATE TABLE IF NOT EXISTS `contact_activity` (
  `contact_id` int(11) NOT NULL,
  `activity_id` int(11) NOT NULL,
  `amount` int(11) NOT NULL,
  `create_date` datetime NOT NULL,
  PRIMARY KEY (`contact_id`,`activity_id`)
) ENGINE=InnoDB DEFAULT CHARSET=latin1;

-- --------------------------------------------------------

--
-- Table structure for table `contact_artist`
--

CREATE TABLE IF NOT EXISTS `contact_artist` (
  `contact_id` int(11) NOT NULL,
  `artist_id` int(11) NOT NULL,
  `weight` int(11) NOT NULL,
  `create_date` datetime NOT NULL,
  PRIMARY KEY (`contact_id`,`artist_id`)
) ENGINE=InnoDB DEFAULT CHARSET=latin1;

--
-- Dumping data for table `contact_artist`
--

INSERT INTO `contact_artist` (`contact_id`, `artist_id`, `weight`, `create_date`) VALUES
(3, 1, -1, '2013-11-15 11:27:46'),
(3, 2, -1, '2013-11-15 11:27:46'),
(3, 3, -1, '2013-11-15 11:27:46'),
(3, 4, -1, '2013-11-15 11:27:46'),
(3, 5, -1, '2013-11-15 11:27:46'),
(3, 6, -1, '2013-11-15 11:27:46'),
(3, 7, -1, '2013-11-15 11:27:46'),
(3, 8, -1, '2013-11-15 11:27:46'),
(3, 9, -1, '2013-11-15 11:27:46'),
(3, 10, -1, '2013-11-15 11:27:46'),
(3, 11, -1, '2013-11-15 11:27:46'),
(3, 12, -1, '2013-11-15 11:27:46'),
(3, 13, -1, '2013-11-15 11:27:46'),
(3, 14, -1, '2013-11-15 11:27:46'),
(3, 15, -1, '2013-11-15 11:27:46'),
(3, 16, -1, '2013-11-15 11:27:46'),
(3, 17, -1, '2013-11-15 11:27:46'),
(3, 18, -1, '2013-11-15 11:27:46'),
(3, 19, -1, '2013-11-15 11:27:46'),
(3, 20, -1, '2013-11-15 11:27:46'),
(3, 21, -1, '2013-11-15 11:27:46'),
(3, 22, -1, '2013-11-15 11:27:46'),
(3, 24, -1, '2013-11-15 11:27:46'),
(3, 25, -1, '2013-11-15 11:27:46'),
(3, 26, -1, '2013-11-15 11:27:46'),
(3, 27, -1, '2013-11-15 11:27:46'),
(3, 28, -1, '2013-11-15 11:27:46'),
(3, 29, -1, '2013-11-15 11:27:46'),
(4, 1, -1, '2013-11-15 11:27:56'),
(4, 2, -1, '2013-11-15 11:27:56'),
(4, 3, -1, '2013-11-15 11:27:56'),
(4, 4, -1, '2013-11-15 11:27:56'),
(4, 5, -1, '2013-11-15 11:27:56'),
(4, 6, -1, '2013-11-15 11:27:56'),
(4, 7, -1, '2013-11-15 11:27:56'),
(4, 8, -1, '2013-11-15 11:27:56'),
(4, 9, -1, '2013-11-15 11:27:56'),
(4, 10, -1, '2013-11-15 11:27:56'),
(4, 11, -1, '2013-11-15 11:27:56'),
(4, 12, -1, '2013-11-15 11:27:56'),
(4, 13, -1, '2013-11-15 11:27:56'),
(4, 14, -1, '2013-11-15 11:27:56'),
(4, 15, -1, '2013-11-15 11:27:56'),
(4, 16, -1, '2013-11-15 11:27:56'),
(4, 17, -1, '2013-11-15 11:27:56'),
(4, 18, -1, '2013-11-15 11:27:56'),
(4, 19, -1, '2013-11-15 11:27:56'),
(4, 20, -1, '2013-11-15 11:27:56'),
(4, 21, -1, '2013-11-15 11:27:56'),
(4, 22, -1, '2013-11-15 11:27:56'),
(4, 24, -1, '2013-11-15 11:27:56'),
(4, 25, -1, '2013-11-15 11:27:56'),
(4, 26, -1, '2013-11-15 11:27:56'),
(4, 27, -1, '2013-11-15 11:27:56'),
(4, 28, -1, '2013-11-15 11:27:56'),
(4, 29, -1, '2013-11-15 11:27:56'),
(5, 1, -1, '2013-11-15 11:28:41'),
(5, 2, -1, '2013-11-15 11:28:41'),
(5, 3, -1, '2013-11-15 11:28:41'),
(5, 4, -1, '2013-11-15 11:28:41'),
(5, 5, -1, '2013-11-15 11:28:41'),
(5, 6, -1, '2013-11-15 11:28:41'),
(5, 7, -1, '2013-11-15 11:28:41'),
(5, 8, -1, '2013-11-15 11:28:41'),
(5, 9, -1, '2013-11-15 11:28:41'),
(5, 10, -1, '2013-11-15 11:28:41'),
(5, 11, -1, '2013-11-15 11:28:41'),
(5, 12, -1, '2013-11-15 11:28:41'),
(5, 13, -1, '2013-11-15 11:28:41'),
(5, 14, -1, '2013-11-15 11:28:41'),
(5, 15, -1, '2013-11-15 11:28:41'),
(5, 16, -1, '2013-11-15 11:28:41'),
(5, 17, -1, '2013-11-15 11:28:41'),
(5, 18, -1, '2013-11-15 11:28:41'),
(5, 19, -1, '2013-11-15 11:28:41'),
(5, 20, -1, '2013-11-15 11:28:41'),
(5, 21, -1, '2013-11-15 11:28:41'),
(5, 22, -1, '2013-11-15 11:28:41'),
(5, 24, -1, '2013-11-15 11:28:41'),
(5, 25, -1, '2013-11-15 11:28:41'),
(5, 26, -1, '2013-11-15 11:28:41'),
(5, 27, -1, '2013-11-15 11:28:41'),
(5, 28, -1, '2013-11-15 11:28:41'),
(5, 29, -1, '2013-11-15 11:28:41');

-- --------------------------------------------------------

--
-- Table structure for table `contact_painting`
--

CREATE TABLE IF NOT EXISTS `contact_painting` (
  `contact_id` int(11) NOT NULL,
  `painting_id` int(11) NOT NULL,
  `weight` int(11) NOT NULL,
  `create_date` datetime NOT NULL,
  PRIMARY KEY (`contact_id`,`painting_id`),
  KEY `contact_painting_fk1` (`painting_id`)
) ENGINE=InnoDB DEFAULT CHARSET=latin1;

--
-- Dumping data for table `contact_painting`
--

INSERT INTO `contact_painting` (`contact_id`, `painting_id`, `weight`, `create_date`) VALUES
(3, 1, 1, '2013-11-15 11:27:46'),
(3, 4, 1, '2013-11-15 11:27:46'),
(3, 5, 1, '2013-11-15 11:27:46'),
(4, 1, 1, '2013-11-15 11:27:56'),
(4, 4, 1, '2013-11-15 11:27:56'),
(4, 5, 1, '2013-11-15 11:27:56'),
(5, 1, 1, '2013-11-15 11:28:41'),
(5, 5, 1, '2013-11-15 11:28:41'),
(5, 6, 1, '2013-11-15 11:28:41'),
(5, 7, 1, '2013-11-15 11:28:41');

-- --------------------------------------------------------

--
-- Table structure for table `contact_question`
--

CREATE TABLE IF NOT EXISTS `contact_question` (
  `contact_id` int(11) NOT NULL,
  `question_id` int(11) NOT NULL,
  `option_id` int(11) NOT NULL,
  `create_date` datetime NOT NULL,
  PRIMARY KEY (`contact_id`,`question_id`)
) ENGINE=InnoDB DEFAULT CHARSET=latin1;

--
-- Dumping data for table `contact_question`
--

INSERT INTO `contact_question` (`contact_id`, `question_id`, `option_id`, `create_date`) VALUES
(3, 1, 3, '2013-11-15 11:27:46'),
(3, 2, 7, '2013-11-15 11:27:46'),
(4, 1, 3, '2013-11-15 11:27:56'),
(4, 2, 7, '2013-11-15 11:27:56'),
(5, 1, 9, '2013-11-15 11:28:41'),
(5, 2, 7, '2013-11-15 11:28:41');

-- --------------------------------------------------------

--
-- Table structure for table `education`
--

CREATE TABLE IF NOT EXISTS `education` (
  `education_id` int(11) NOT NULL AUTO_INCREMENT,
  `value` varchar(255) NOT NULL,
  `description` text,
  `create_date` datetime NOT NULL,
  PRIMARY KEY (`education_id`)
) ENGINE=InnoDB  DEFAULT CHARSET=latin1 AUTO_INCREMENT=5 ;

--
-- Dumping data for table `education`
--

INSERT INTO `education` (`education_id`, `value`, `description`, `create_date`) VALUES
(1, 'Basisschool, VMBO, MAVO, of vergelijkbaar\r\n', NULL, '2013-10-03 00:00:00'),
(2, 'HAVO, MBO, of vergelijkbaar\r\n', NULL, '2013-10-03 00:00:00'),
(3, 'VWO, HBO, of vergelijkbaar', NULL, '2013-10-03 00:00:00'),
(4, 'Universitair of vergelijkbaar\r\n', NULL, '2013-10-03 00:00:00');

-- --------------------------------------------------------

--
-- Table structure for table `option`
--

CREATE TABLE IF NOT EXISTS `option` (
  `option_id` int(11) NOT NULL AUTO_INCREMENT,
  `question_id` int(11) NOT NULL,
  `source_id` int(11) NOT NULL,
  `value` varchar(255) NOT NULL,
  `create_date` datetime NOT NULL,
  PRIMARY KEY (`option_id`)
) ENGINE=InnoDB  DEFAULT CHARSET=latin1 AUTO_INCREMENT=10 ;

--
-- Dumping data for table `option`
--

INSERT INTO `option` (`option_id`, `question_id`, `source_id`, `value`, `create_date`) VALUES
(1, 1, 1, 'Nee', '2013-10-03 00:00:00'),
(2, 1, 1, 'ja, kunstacademie', '2013-10-03 00:00:00'),
(3, 1, 1, 'ja, andere vormgevingsopleiding\r\n', '2013-10-03 00:00:00'),
(4, 1, 1, 'ja, andere ontwerpersopleiding\r\n', '2013-10-03 00:00:00'),
(5, 1, 1, 'beroepsopleiding in fotografie/ film\r\n', '2013-10-03 00:00:00'),
(6, 2, 1, 'nee', '2013-10-03 00:00:00'),
(7, 2, 1, 'ja, bij een cultureel centrum/ wijkcentrum\r\n', '2013-10-03 00:00:00'),
(8, 2, 1, 'ja, bij een particulier', '2013-10-03 00:00:00'),
(9, 1, 2, 'met de fiets', '2013-11-15 11:28:41');

-- --------------------------------------------------------

--
-- Table structure for table `painting`
--

CREATE TABLE IF NOT EXISTS `painting` (
  `painting_id` int(11) NOT NULL AUTO_INCREMENT,
  `value` varchar(255) NOT NULL,
  `file_path` varchar(255) NOT NULL,
  `create_date` datetime NOT NULL,
  PRIMARY KEY (`painting_id`)
) ENGINE=InnoDB  DEFAULT CHARSET=latin1 AUTO_INCREMENT=17 ;

--
-- Dumping data for table `painting`
--

INSERT INTO `painting` (`painting_id`, `value`, `file_path`, `create_date`) VALUES
(1, 'Cafe¦üterras bij nacht', 'images/painting/01.jpeg', '0000-00-00 00:00:00'),
(3, 'Daken in Parijs', 'images/painting/02.jpeg', '0000-00-00 00:00:00'),
(4, 'De heuvel van Montmartre met steengroeve', 'images/painting/03.jpg', '2013-11-15 00:00:00'),
(5, 'De oude kerktoren in Nuenen', 'images/painting/04.jpeg', '2013-11-15 00:00:00'),
(6, 'De roze boomgaard', 'images/painting/05.jpg', '2013-11-15 00:00:00'),
(7, 'De Sterrennacht', 'images/painting/06.jpeg', '0000-00-00 00:00:00'),
(8, 'het_Gele_Huis,_1888', 'images/painting/07.jpg', '0000-00-00 00:00:00'),
(9, 'Hutten', 'images/painting/08.jpg', '2013-11-15 00:00:00'),
(10, 'Korenveld met kraaien', 'images/painting/10.jpeg', '2013-11-15 00:00:00'),
(11, 'Korenveld onder onweerslucht', 'images/painting/11.jpeg', '2013-11-15 00:00:00'),
(12, 'Korenveld', 'images/painting/12.jpeg', '2013-09-03 00:00:00'),
(13, 'Montmartre-_molens_en_moestuinen_-_Google_Art_Project', 'images/painting/13.jpg', '2013-09-23 00:00:00'),
(14, 'Oever van de seine', 'images/painting/14.jpg', '2013-11-15 00:00:00'),
(15, 'Saintes-Maries-de-la-Mer', 'images/painting/15.jpeg', '2013-09-23 00:00:00'),
(16, 'Zeegezicht bij Scheveningen', 'images/painting/16.jpeg', '2013-11-15 00:00:00');

-- --------------------------------------------------------

--
-- Table structure for table `question`
--

CREATE TABLE IF NOT EXISTS `question` (
  `question_id` int(11) NOT NULL AUTO_INCREMENT,
  `value` varchar(255) NOT NULL,
  `create_date` datetime NOT NULL,
  PRIMARY KEY (`question_id`)
) ENGINE=InnoDB  DEFAULT CHARSET=latin1 AUTO_INCREMENT=3 ;

--
-- Dumping data for table `question`
--

INSERT INTO `question` (`question_id`, `value`, `create_date`) VALUES
(1, 'Heeft u een beroepsopleiding genoten in een beeldende richting', '2013-10-03 00:00:00'),
(2, 'Heeft u wel eens een cursus gevolgd in een beeldende richting? \r\n', '2013-10-03 00:00:00');

-- --------------------------------------------------------

--
-- Table structure for table `source`
--

CREATE TABLE IF NOT EXISTS `source` (
  `source_id` int(11) NOT NULL AUTO_INCREMENT,
  `value` varchar(255) NOT NULL,
  `create_date` datetime NOT NULL,
  PRIMARY KEY (`source_id`)
) ENGINE=InnoDB  DEFAULT CHARSET=latin1 AUTO_INCREMENT=3 ;

--
-- Dumping data for table `source`
--

INSERT INTO `source` (`source_id`, `value`, `create_date`) VALUES
(1, 'data-import 3/10/2013', '0000-00-00 00:00:00'),
(2, 'user_input', '0000-00-00 00:00:00');

-- --------------------------------------------------------

--
-- Table structure for table `yii_message`
--

CREATE TABLE IF NOT EXISTS `yii_message` (
  `message_id` int(11) NOT NULL AUTO_INCREMENT,
  `source_message_id` int(11) NOT NULL,
  `language` varchar(255) NOT NULL,
  `translation` text NOT NULL,
  `message_type_id` int(11) DEFAULT NULL,
  `message_type_argument` varchar(255) DEFAULT NULL,
  `create_date` datetime NOT NULL,
  `modify_date` datetime DEFAULT NULL,
  `delete_date` datetime DEFAULT NULL,
  PRIMARY KEY (`message_id`)
) ENGINE=InnoDB DEFAULT CHARSET=latin1 AUTO_INCREMENT=1 ;

-- --------------------------------------------------------

--
-- Table structure for table `yii_message_type`
--

CREATE TABLE IF NOT EXISTS `yii_message_type` (
  `message_type_id` int(11) NOT NULL AUTO_INCREMENT,
  `value` varchar(255) NOT NULL,
  `weight` int(11) NOT NULL,
  `create_date` datetime NOT NULL,
  `modify_date` datetime DEFAULT NULL,
  `delete_date` datetime DEFAULT NULL,
  PRIMARY KEY (`message_type_id`)
) ENGINE=InnoDB DEFAULT CHARSET=latin1 AUTO_INCREMENT=1 ;

-- --------------------------------------------------------

--
-- Table structure for table `yii_migrations`
--

CREATE TABLE IF NOT EXISTS `yii_migrations` (
  `version` varchar(255) NOT NULL,
  `apply_time` int(11) DEFAULT NULL,
  PRIMARY KEY (`version`)
) ENGINE=InnoDB DEFAULT CHARSET=latin1;

--
-- Dumping data for table `yii_migrations`
--

INSERT INTO `yii_migrations` (`version`, `apply_time`) VALUES
('m000000_000000_base', 1378275291),
('m130710_170358_create_db', 1378275298),
('m130719_142928_photo_album_tables', 1378275299),
('m130806_181008_project_tbl', 1378275299),
('m130818_141227_project_type_as_services', 1378275299),
('m130818_142331_insert_default_project_type', 1378275300),
('m130909_133519_service', 1379571036),
('m130919_060754_image_tbl', 1379571036);

-- --------------------------------------------------------

--
-- Table structure for table `yii_source_message`
--

CREATE TABLE IF NOT EXISTS `yii_source_message` (
  `source_message_id` int(11) NOT NULL AUTO_INCREMENT,
  `message` text NOT NULL,
  `create_date` datetime NOT NULL,
  `modify_date` datetime DEFAULT NULL,
  `delete_date` datetime DEFAULT NULL,
  PRIMARY KEY (`source_message_id`)
) ENGINE=InnoDB DEFAULT CHARSET=latin1 AUTO_INCREMENT=1 ;

-- --------------------------------------------------------

--
-- Table structure for table `yii_source_message_website`
--

CREATE TABLE IF NOT EXISTS `yii_source_message_website` (
  `source_message_id` int(11) NOT NULL,
  `website_id` int(11) NOT NULL,
  `create_date` datetime NOT NULL,
  `modify_date` datetime DEFAULT NULL,
  PRIMARY KEY (`source_message_id`,`website_id`)
) ENGINE=InnoDB DEFAULT CHARSET=latin1;

-- --------------------------------------------------------

--
-- Table structure for table `yii_wizard_log`
--

CREATE TABLE IF NOT EXISTS `yii_wizard_log` (
  `wizard_log_id` int(11) NOT NULL AUTO_INCREMENT,
  `wizard_session_id` int(11) NOT NULL,
  `action_id` varchar(255) NOT NULL,
  `next_action_id` varchar(255) DEFAULT NULL,
  `data_encoded` text NOT NULL,
  `create_date` datetime NOT NULL,
  `modify_date` datetime DEFAULT NULL,
  PRIMARY KEY (`wizard_log_id`)
) ENGINE=InnoDB  DEFAULT CHARSET=latin1 AUTO_INCREMENT=254 ;

--
-- Dumping data for table `yii_wizard_log`
--

INSERT INTO `yii_wizard_log` (`wizard_log_id`, `wizard_session_id`, `action_id`, `next_action_id`, `data_encoded`, `create_date`, `modify_date`) VALUES
(1, 45, 'ranking', 'answers', '{"test":"nnn"}', '2013-09-26 10:33:09', NULL),
(2, 45, 'ranking', 'answers', '{"test":"nnn"}', '2013-09-26 10:33:37', NULL),
(3, 45, 'ranking', 'answers', '{"test":"nnn"}', '2013-09-26 10:33:58', NULL),
(4, 45, 'ranking', 'answers', '{"test":"nnn"}', '2013-09-26 10:34:14', NULL),
(5, 62, 'ranking', 'answers', '{"test":"mmm"}', '2013-09-26 11:37:21', NULL),
(6, 90, 'basic', 'answers', '{"test":"0"}', '2013-10-03 11:19:15', NULL),
(7, 90, 'basic', 'answers', '{"test":"4"}', '2013-10-03 11:21:17', NULL),
(8, 92, 'basic', 'answers', '{"test":"4"}', '2013-10-03 11:46:02', NULL),
(9, 92, 'basic', 'answers', '{"test":"3"}', '2013-10-03 11:51:33', NULL),
(10, 92, 'basic', 'answers', '{"test":"3"}', '2013-10-03 11:52:14', NULL),
(11, 92, 'basic', 'answers', '{"test":"3"}', '2013-10-03 11:52:34', NULL),
(12, 92, 'basic', 'answers', '{"test":"3"}', '2013-10-03 11:52:50', NULL),
(13, 92, 'answers', 'interests', '{"activity":{"1":"1","2":"","3":"","4":"","5":"","6":"","7":"5","8":"","9":"","10":"","11":"","12":"","13":"","14":"","15":"6","16":"","17":"","18":"","19":""}}', '2013-10-03 11:54:36', NULL),
(14, 92, 'basic', 'answers', '{"test":"4"}', '2013-10-03 11:57:50', NULL),
(15, 92, 'answers', 'interests', '{"activity":{"1":"1","2":"","3":"","4":"","5":"","6":"","7":"5","8":"","9":"","10":"","11":"","12":"","13":"","14":"","15":"6","16":"","17":"","18":"","19":""}}', '2013-10-03 11:57:56', NULL),
(16, 92, 'answers', 'interests', '{"activity":{"1":"1","2":"","3":"","4":"","5":"","6":"","7":"5","8":"","9":"","10":"","11":"","12":"","13":"","14":"","15":"6","16":"","17":"","18":"","19":""}}', '2013-10-03 11:59:38', NULL),
(17, 92, 'answers', 'interests', '{"activity":{"1":"1","2":"","3":"","4":"","5":"","6":"","7":"5","8":"","9":"","10":"","11":"","12":"","13":"","14":"","15":"6","16":"","17":"","18":"","19":""}}', '2013-10-03 12:03:54', NULL),
(18, 92, 'answers', 'interests', '{"activity":{"1":"1","2":"","3":"","4":"","5":"","6":"","7":"5","8":"","9":"","10":"","11":"","12":"","13":"","14":"","15":"6","16":"","17":"","18":"","19":""}}', '2013-10-03 12:04:12', NULL),
(19, 92, 'answers', 'interests', '{"activity":{"1":"1","2":"","3":"","4":"","5":"","6":"","7":"5","8":"","9":"","10":"","11":"","12":"","13":"","14":"","15":"6","16":"","17":"","18":"","19":""}}', '2013-10-03 12:04:40', NULL),
(20, 92, 'basic', 'answers', '{"test":"3"}', '2013-10-03 12:04:49', NULL),
(21, 92, 'answers', 'interests', '{"activity":{"1":"1","2":"","3":"","4":"","5":"","6":"","7":"5","8":"","9":"","10":"","11":"","12":"","13":"","14":"","15":"6","16":"","17":"","18":"","19":""}}', '2013-10-03 12:04:59', NULL),
(22, 92, 'answers', 'artist', '{"activity":{"1":"1","2":"","3":"","4":"","5":"","6":"","7":"5","8":"","9":"","10":"","11":"","12":"","13":"","14":"","15":"6","16":"","17":"","18":"","19":""}}', '2013-10-03 12:05:16', NULL),
(23, 92, 'answers', 'artist', '{"activity":{"1":"1","2":"","3":"","4":"","5":"","6":"","7":"5","8":"","9":"","10":"","11":"","12":"","13":"","14":"","15":"6","16":"","17":"","18":"","19":""}}', '2013-10-03 12:06:54', NULL),
(24, 92, 'answers', 'artist', '{"activity":{"1":"1","2":"","3":"","4":"","5":"","6":"","7":"5","8":"","9":"","10":"","11":"","12":"","13":"","14":"","15":"6","16":"","17":"","18":"","19":""}}', '2013-10-03 12:07:04', NULL),
(25, 92, 'answers', 'artist', '{"activity":{"1":"1","2":"","3":"","4":"","5":"","6":"","7":"5","8":"","9":"","10":"","11":"","12":"","13":"","14":"","15":"6","16":"","17":"","18":"","19":""}}', '2013-10-03 12:08:35', NULL),
(26, 92, 'answers', 'artist', '{"activity":{"1":"1","2":"","3":"","4":"","5":"","6":"","7":"5","8":"","9":"","10":"","11":"","12":"","13":"","14":"","15":"6","16":"","17":"","18":"","19":""}}', '2013-10-03 12:09:37', NULL),
(27, 93, 'basic', 'answers', '{"test":"4"}', '2013-10-03 12:21:00', NULL),
(28, 93, 'answers', 'artist', '{"activity":{"1":"4","2":"","3":"","4":"","5":"","6":"","7":"","8":"","9":"","10":"","11":"","12":"","13":"","14":"","15":"4","16":"","17":"","18":"","19":""}}', '2013-10-03 12:21:09', NULL),
(29, 93, 'artist', 'interests', '{"artist":{"2":"3"}}', '2013-10-03 12:22:52', NULL),
(30, 93, 'answers', 'artist', '{"activity":{"1":"4","2":"","3":"","4":"","5":"","6":"","7":"","8":"","9":"","10":"","11":"","12":"","13":"","14":"","15":"4","16":"","17":"","18":"","19":""}}', '2013-10-03 12:22:57', NULL),
(31, 106, 'basic', 'activity', '{"test":"2"}', '2013-10-03 12:59:23', NULL),
(32, 106, 'basic', 'activity', '{"test":"2"}', '2013-10-03 13:03:10', NULL),
(33, 106, 'basic', 'activity', '{"test":"2"}', '2013-10-03 13:03:33', NULL),
(34, 106, 'basic', 'activity', '{"test":"2"}', '2013-10-03 13:04:28', NULL),
(35, 106, 'basic', 'activity', '{"test":"2"}', '2013-10-03 13:04:58', NULL),
(36, 106, 'basic', 'activity', '{"test":"2"}', '2013-10-03 13:05:23', NULL),
(37, 106, 'basic', 'activity', '{"test":"2"}', '2013-10-03 13:05:48', NULL),
(38, 106, 'basic', 'activity', '{"test":"2"}', '2013-10-03 13:05:58', NULL),
(39, 106, 'basic', 'activity', '{"test":"2"}', '2013-10-03 13:06:25', NULL),
(40, 106, 'basic', 'activity', '{"test":"2"}', '2013-10-03 13:06:38', NULL),
(41, 106, 'basic', 'activity', '{"test":"2"}', '2013-10-03 13:08:17', NULL),
(42, 106, 'basic', 'activity', '{"test":"2"}', '2013-10-03 13:08:53', NULL),
(43, 106, 'basic', 'activity', '{"test":"2"}', '2013-10-03 13:09:05', NULL),
(44, 106, 'basic', 'activity', '{"test":"2"}', '2013-10-03 13:11:48', NULL),
(45, 106, 'basic', 'activity', '{"test":"2"}', '2013-10-03 13:11:49', NULL),
(46, 106, 'basic', 'activity', '{"test":"2"}', '2013-10-03 13:12:33', NULL),
(47, 106, 'basic', 'activity', '{"test":"2"}', '2013-10-03 13:12:48', NULL),
(48, 106, 'activity', 'artist', '{"activity":{"1":"0","2":"0","3":"1","4":"1","5":"2","6":"4","7":"","8":"","9":"","10":"","11":"","12":"","13":"","14":"","15":"","16":"","17":"","18":"","19":""}}', '2013-10-03 13:13:08', NULL),
(49, 106, 'basic', 'activity', '{"test":"2"}', '2013-10-03 13:17:19', NULL),
(50, 106, 'activity', 'artist', '{"activity":{"1":"0","2":"0","3":"1","4":"1","5":"2","6":"4","7":"","8":"","9":"","10":"","11":"","12":"","13":"","14":"","15":"","16":"","17":"","18":"","19":""}}', '2013-10-03 13:17:27', NULL),
(51, 106, 'activity', 'artist', '{"activity":{"1":"0","2":"0","3":"1","4":"1","5":"2","6":"4","7":"","8":"","9":"","10":"","11":"","12":"","13":"","14":"","15":"","16":"","17":"","18":"","19":""}}', '2013-10-03 13:17:48', NULL),
(52, 106, 'activity', 'artist', '{"activity":{"1":"0","2":"0","3":"1","4":"1","5":"2","6":"4","7":"","8":"","9":"","10":"","11":"","12":"","13":"","14":"","15":"","16":"","17":"","18":"","19":""}}', '2013-10-03 13:18:06', NULL),
(53, 106, 'activity', 'artist', '{"activity":{"1":"0","2":"0","3":"1","4":"1","5":"2","6":"4","7":"","8":"","9":"","10":"","11":"","12":"","13":"","14":"","15":"","16":"","17":"","18":"","19":""}}', '2013-10-03 13:21:53', NULL),
(54, 106, 'activity', 'artist', '{"activity":{"1":"0","2":"0","3":"1","4":"1","5":"2","6":"4","7":"","8":"","9":"","10":"","11":"","12":"","13":"","14":"","15":"","16":"","17":"","18":"","19":""}}', '2013-10-03 13:22:08', NULL),
(55, 106, 'activity', 'artist', '{"activity":{"1":"0","2":"0","3":"1","4":"1","5":"2","6":"4","7":"","8":"","9":"","10":"","11":"","12":"","13":"","14":"","15":"","16":"","17":"","18":"","19":""}}', '2013-10-03 13:25:36', NULL),
(56, 106, 'activity', 'artist', '{"activity":{"1":"0","2":"0","3":"1","4":"1","5":"2","6":"4","7":"","8":"","9":"","10":"","11":"","12":"","13":"","14":"","15":"","16":"","17":"","18":"","19":""}}', '2013-10-03 13:26:05', NULL),
(57, 106, 'activity', 'artist', '{"activity":{"1":"0","2":"0","3":"1","4":"1","5":"2","6":"4","7":"","8":"","9":"","10":"","11":"","12":"","13":"","14":"","15":"","16":"","17":"","18":"","19":""}}', '2013-10-03 13:26:25', NULL),
(58, 106, 'activity', 'artist', '{"activity":{"1":"0","2":"0","3":"1","4":"1","5":"2","6":"4","7":"","8":"","9":"","10":"","11":"","12":"","13":"","14":"","15":"","16":"","17":"","18":"","19":""}}', '2013-10-03 13:26:46', NULL),
(59, 106, 'activity', 'artist', '{"activity":{"1":"0","2":"0","3":"1","4":"1","5":"2","6":"4","7":"","8":"","9":"","10":"","11":"","12":"","13":"","14":"","15":"","16":"","17":"","18":"","19":""}}', '2013-10-03 13:28:18', NULL),
(60, 106, 'activity', 'artist', '{"activity":{"1":"0","2":"0","3":"1","4":"1","5":"2","6":"4","7":"","8":"","9":"","10":"","11":"","12":"","13":"","14":"","15":"","16":"","17":"","18":"","19":""}}', '2013-10-03 13:28:50', NULL),
(61, 106, 'activity', 'artist', '{"activity":{"1":"0","2":"0","3":"1","4":"1","5":"2","6":"4","7":"","8":"","9":"","10":"","11":"","12":"","13":"","14":"","15":"","16":"","17":"","18":"","19":""}}', '2013-10-03 13:29:01', NULL),
(62, 106, 'activity', 'artist', '{"activity":{"1":"0","2":"0","3":"1","4":"1","5":"2","6":"4","7":"","8":"","9":"","10":"","11":"","12":"","13":"","14":"","15":"","16":"","17":"","18":"","19":""}}', '2013-10-03 13:29:56', NULL),
(63, 106, 'activity', 'artist', '{"activity":{"1":"0","2":"0","3":"1","4":"1","5":"2","6":"4","7":"","8":"","9":"","10":"","11":"","12":"","13":"","14":"","15":"","16":"","17":"","18":"","19":""}}', '2013-10-03 13:30:38', NULL),
(64, 106, 'activity', 'artist', '{"activity":{"1":"0","2":"0","3":"1","4":"1","5":"2","6":"4","7":"","8":"","9":"","10":"","11":"","12":"","13":"","14":"","15":"","16":"","17":"","18":"","19":""}}', '2013-10-03 13:31:37', NULL),
(65, 106, 'activity', 'artist', '{"activity":{"1":"0","2":"0","3":"1","4":"1","5":"2","6":"4","7":"","8":"","9":"","10":"","11":"","12":"","13":"","14":"","15":"","16":"","17":"","18":"","19":""}}', '2013-10-03 13:31:57', NULL),
(66, 107, 'basic', 'activity', '{"test":"3"}', '2013-10-03 13:40:32', NULL),
(67, 107, 'activity', 'artist', '{"activity":{"1":"","2":"","3":"","4":"","5":"","6":"","7":"","8":"","9":"","10":"","11":"","12":"","13":"","14":"","15":"","16":"","17":"","18":"","19":""}}', '2013-10-03 13:40:50', NULL),
(68, 107, 'activity', 'artist', '{"activity":{"1":"","2":"","3":"","4":"","5":"","6":"","7":"","8":"","9":"","10":"","11":"","12":"","13":"","14":"","15":"","16":"","17":"","18":"","19":""}}', '2013-10-03 13:44:47', NULL),
(69, 107, 'activity', 'artist', '{"activity":{"1":"","2":"","3":"","4":"","5":"","6":"","7":"","8":"","9":"","10":"","11":"","12":"","13":"","14":"","15":"","16":"","17":"","18":"","19":""}}', '2013-10-03 13:45:10', NULL),
(70, 107, 'artist', 'ranking', '{"artist":{"1":"0","2":"0","3":"0","4":"0","5":"0","6":"0","7":"0","8":"0","9":"0","10":"0","11":"0","12":"0","13":"0","14":"0","15":"0","16":"0","17":"0","18":"0","19":"0","20":"0","21":"0","22":"0","24":"0","25":"0","26":"0","27":"0","28":"0","29":"0"}}', '2013-10-03 13:45:27', NULL),
(71, 107, 'artist', 'ranking', '{"artist":{"1":"0","2":"0","3":"0","4":"0","5":"0","6":"0","7":"0","8":"0","9":"0","10":"0","11":"0","12":"0","13":"0","14":"0","15":"0","16":"0","17":"0","18":"0","19":"0","20":"0","21":"0","22":"0","24":"0","25":"0","26":"0","27":"0","28":"0","29":"0"}}', '2013-10-03 13:48:08', NULL),
(72, 107, 'artist', 'ranking', '{"artist":{"1":"0","2":"0","3":"0","4":"0","5":"0","6":"0","7":"0","8":"0","9":"0","10":"0","11":"0","12":"0","13":"0","14":"0","15":"0","16":"0","17":"0","18":"0","19":"0","20":"0","21":"0","22":"0","24":"0","25":"0","26":"0","27":"0","28":"0","29":"0"}}', '2013-10-03 13:48:28', NULL),
(73, 107, 'artist', 'ranking', '{"artist":{"1":"0","2":"0","3":"0","4":"0","5":"0","6":"0","7":"0","8":"0","9":"0","10":"0","11":"0","12":"0","13":"0","14":"0","15":"0","16":"0","17":"0","18":"0","19":"0","20":"0","21":"0","22":"0","24":"0","25":"0","26":"0","27":"0","28":"0","29":"0"}}', '2013-10-03 13:48:54', NULL),
(74, 107, 'artist', 'ranking', '{"artist":{"1":"0","2":"0","3":"0","4":"0","5":"0","6":"0","7":"0","8":"0","9":"0","10":"0","11":"0","12":"0","13":"0","14":"0","15":"0","16":"0","17":"0","18":"0","19":"0","20":"0","21":"0","22":"0","24":"0","25":"0","26":"0","27":"0","28":"0","29":"0"}}', '2013-10-03 13:49:15', NULL),
(75, 107, 'artist', 'ranking', '{"artist":{"1":"0","2":"0","3":"0","4":"0","5":"0","6":"0","7":"0","8":"0","9":"0","10":"0","11":"0","12":"0","13":"0","14":"0","15":"0","16":"0","17":"0","18":"0","19":"0","20":"0","21":"0","22":"0","24":"0","25":"0","26":"0","27":"0","28":"0","29":"0"}}', '2013-10-03 13:50:58', NULL),
(76, 107, 'artist', 'ranking', '{"artist":{"1":"0","2":"0","3":"0","4":"0","5":"0","6":"0","7":"0","8":"0","9":"0","10":"0","11":"0","12":"0","13":"0","14":"0","15":"0","16":"0","17":"0","18":"0","19":"0","20":"0","21":"0","22":"0","24":"0","25":"0","26":"0","27":"0","28":"0","29":"0"}}', '2013-10-03 13:51:29', NULL),
(77, 107, 'artist', 'ranking', '{"artist":{"1":"0","2":"0","3":"0","4":"0","5":"0","6":"0","7":"0","8":"0","9":"0","10":"0","11":"0","12":"0","13":"0","14":"0","15":"0","16":"0","17":"0","18":"0","19":"0","20":"0","21":"0","22":"0","24":"0","25":"0","26":"0","27":"0","28":"0","29":"0"}}', '2013-10-03 13:53:03', NULL),
(78, 107, 'artist', 'ranking', '{"artist":{"1":"0","2":"0","3":"0","4":"0","5":"0","6":"0","7":"0","8":"0","9":"0","10":"0","11":"0","12":"0","13":"0","14":"0","15":"0","16":"0","17":"0","18":"0","19":"0","20":"0","21":"0","22":"0","24":"0","25":"0","26":"0","27":"0","28":"0","29":"0"}}', '2013-10-03 13:53:25', NULL),
(79, 107, 'artist', 'ranking', '{"artist":{"1":"0","2":"0","3":"0","4":"0","5":"0","6":"0","7":"0","8":"0","9":"0","10":"0","11":"0","12":"0","13":"0","14":"0","15":"0","16":"0","17":"0","18":"0","19":"0","20":"0","21":"0","22":"0","24":"0","25":"0","26":"0","27":"0","28":"0","29":"0"}}', '2013-10-03 13:55:46', NULL),
(80, 107, 'artist', 'ranking', '{"artist":{"1":"0","2":"0","3":"0","4":"0","5":"0","6":"0","7":"0","8":"0","9":"0","10":"0","11":"0","12":"0","13":"0","14":"0","15":"0","16":"0","17":"0","18":"0","19":"0","20":"0","21":"0","22":"0","24":"0","25":"0","26":"0","27":"0","28":"0","29":"0"}}', '2013-10-03 13:55:54', NULL),
(81, 107, 'artist', 'ranking', '{"artist":{"1":"0","2":"0","3":"0","4":"0","5":"0","6":"0","7":"0","8":"0","9":"0","10":"0","11":"0","12":"0","13":"0","14":"0","15":"0","16":"0","17":"0","18":"0","19":"0","20":"0","21":"0","22":"0","24":"0","25":"0","26":"0","27":"0","28":"0","29":"0"}}', '2013-10-03 13:57:40', NULL),
(82, 107, 'artist', 'ranking', '{"artist":{"1":"0","2":"0","3":"0","4":"0","5":"0","6":"0","7":"0","8":"0","9":"0","10":"0","11":"0","12":"0","13":"0","14":"0","15":"0","16":"0","17":"0","18":"0","19":"0","20":"0","21":"0","22":"0","24":"0","25":"0","26":"0","27":"0","28":"0","29":"0"}}', '2013-10-03 13:58:15', NULL),
(83, 107, 'artist', 'ranking', '{"artist":{"1":"0","2":"0","3":"0","4":"0","5":"0","6":"0","7":"0","8":"0","9":"0","10":"0","11":"0","12":"0","13":"0","14":"0","15":"0","16":"0","17":"0","18":"0","19":"0","20":"0","21":"0","22":"0","24":"0","25":"0","26":"0","27":"0","28":"0","29":"0"}}', '2013-10-03 13:58:42', NULL),
(84, 107, 'artist', 'ranking', '{"artist":{"1":"0","2":"0","3":"0","4":"0","5":"0","6":"0","7":"0","8":"0","9":"0","10":"0","11":"0","12":"0","13":"0","14":"0","15":"0","16":"0","17":"0","18":"0","19":"0","20":"0","21":"0","22":"0","24":"0","25":"0","26":"0","27":"0","28":"0","29":"0"}}', '2013-10-03 13:58:56', NULL),
(85, 107, 'artist', 'ranking', '{"artist":{"1":"0","2":"0","3":"0","4":"0","5":"0","6":"0","7":"0","8":"0","9":"0","10":"0","11":"0","12":"0","13":"0","14":"0","15":"0","16":"0","17":"0","18":"0","19":"0","20":"0","21":"0","22":"0","24":"0","25":"0","26":"0","27":"0","28":"0","29":"0"}}', '2013-10-03 13:59:35', NULL),
(86, 107, 'artist', 'ranking', '{"artist":{"1":"0","2":"0","3":"0","4":"0","5":"0","6":"0","7":"0","8":"0","9":"0","10":"0","11":"0","12":"0","13":"0","14":"0","15":"0","16":"0","17":"0","18":"0","19":"0","20":"0","21":"0","22":"0","24":"0","25":"0","26":"0","27":"0","28":"0","29":"0"}}', '2013-10-03 14:00:29', NULL),
(87, 107, 'artist', 'ranking', '{"artist":{"1":"0","2":"0","3":"0","4":"0","5":"0","6":"0","7":"0","8":"0","9":"0","10":"0","11":"0","12":"0","13":"0","14":"0","15":"0","16":"0","17":"0","18":"0","19":"0","20":"0","21":"0","22":"0","24":"0","25":"0","26":"0","27":"0","28":"0","29":"0"}}', '2013-10-03 14:00:59', NULL),
(88, 107, 'artist', 'ranking', '{"artist":{"1":"0","2":"0","3":"0","4":"0","5":"0","6":"0","7":"0","8":"0","9":"0","10":"0","11":"0","12":"0","13":"0","14":"0","15":"0","16":"0","17":"0","18":"0","19":"0","20":"0","21":"0","22":"0","24":"0","25":"0","26":"0","27":"0","28":"0","29":"0"}}', '2013-10-03 14:01:12', NULL),
(89, 107, 'artist', 'ranking', '{"artist":{"1":"0","2":"0","3":"0","4":"0","5":"0","6":"0","7":"0","8":"0","9":"0","10":"0","11":"0","12":"0","13":"0","14":"0","15":"0","16":"0","17":"0","18":"0","19":"0","20":"0","21":"0","22":"0","24":"0","25":"0","26":"0","27":"0","28":"0","29":"0"}}', '2013-10-03 14:02:07', NULL),
(90, 107, 'artist', 'ranking', '{"artist":{"1":"0","2":"0","3":"0","4":"0","5":"0","6":"0","7":"0","8":"0","9":"0","10":"0","11":"0","12":"0","13":"0","14":"0","15":"0","16":"0","17":"0","18":"0","19":"0","20":"0","21":"0","22":"0","24":"0","25":"0","26":"0","27":"0","28":"0","29":"0"}}', '2013-10-03 14:03:17', NULL),
(91, 107, 'artist', 'ranking', '{"artist":{"1":"0","2":"0","3":"0","4":"0","5":"0","6":"0","7":"0","8":"0","9":"0","10":"0","11":"0","12":"0","13":"0","14":"0","15":"0","16":"0","17":"0","18":"0","19":"0","20":"0","21":"0","22":"0","24":"0","25":"0","26":"0","27":"0","28":"0","29":"0"}}', '2013-10-03 14:03:43', NULL),
(92, 107, 'artist', 'ranking', '{"artist":{"1":"0","2":"0","3":"0","4":"0","5":"0","6":"0","7":"0","8":"0","9":"0","10":"0","11":"0","12":"0","13":"0","14":"0","15":"0","16":"0","17":"0","18":"0","19":"0","20":"0","21":"0","22":"0","24":"0","25":"0","26":"0","27":"0","28":"0","29":"0"}}', '2013-10-03 14:05:27', NULL),
(93, 107, 'artist', 'ranking', '{"artist":{"1":"0","2":"0","3":"0","4":"0","5":"0","6":"0","7":"0","8":"0","9":"0","10":"0","11":"0","12":"0","13":"0","14":"0","15":"0","16":"0","17":"0","18":"0","19":"0","20":"0","21":"0","22":"0","24":"0","25":"0","26":"0","27":"0","28":"0","29":"0"}}', '2013-10-03 14:05:40', NULL),
(94, 107, 'artist', 'ranking', '{"artist":{"1":"0","2":"0","3":"0","4":"0","5":"0","6":"0","7":"0","8":"0","9":"0","10":"0","11":"0","12":"0","13":"0","14":"0","15":"0","16":"0","17":"0","18":"0","19":"0","20":"0","21":"0","22":"0","24":"0","25":"0","26":"0","27":"0","28":"0","29":"0"}}', '2013-10-03 14:07:09', NULL),
(95, 107, 'artist', 'ranking', '{"artist":{"1":"0","2":"0","3":"0","4":"0","5":"0","6":"0","7":"0","8":"0","9":"0","10":"0","11":"0","12":"0","13":"0","14":"0","15":"0","16":"0","17":"0","18":"0","19":"0","20":"0","21":"0","22":"0","24":"0","25":"0","26":"0","27":"0","28":"0","29":"0"}}', '2013-10-03 14:08:11', NULL),
(96, 107, 'artist', 'ranking', '{"artist":{"1":"0","2":"0","3":"0","4":"0","5":"0","6":"0","7":"0","8":"0","9":"0","10":"0","11":"0","12":"0","13":"0","14":"0","15":"0","16":"0","17":"0","18":"0","19":"0","20":"0","21":"0","22":"0","24":"0","25":"0","26":"0","27":"0","28":"0","29":"0"}}', '2013-10-03 14:08:46', NULL),
(97, 107, 'artist', 'ranking', '{"artist":{"1":"0","2":"0","3":"0","4":"0","5":"0","6":"0","7":"0","8":"0","9":"0","10":"0","11":"0","12":"0","13":"0","14":"0","15":"0","16":"0","17":"0","18":"0","19":"0","20":"0","21":"0","22":"0","24":"0","25":"0","26":"0","27":"0","28":"0","29":"0"}}', '2013-10-03 14:09:52', NULL),
(98, 107, 'artist', 'ranking', '{"artist":{"1":"0","2":"0","3":"0","4":"0","5":"0","6":"0","7":"0","8":"0","9":"0","10":"0","11":"0","12":"0","13":"0","14":"0","15":"0","16":"0","17":"0","18":"0","19":"0","20":"0","21":"0","22":"0","24":"0","25":"0","26":"0","27":"0","28":"0","29":"0"}}', '2013-10-03 14:10:35', NULL),
(99, 107, 'artist', 'ranking', '{"artist":{"1":"0","2":"0","3":"0","4":"0","5":"0","6":"0","7":"0","8":"0","9":"0","10":"0","11":"0","12":"0","13":"0","14":"0","15":"0","16":"0","17":"0","18":"0","19":"0","20":"0","21":"0","22":"0","24":"0","25":"0","26":"0","27":"0","28":"0","29":"0"}}', '2013-10-03 14:10:51', NULL),
(100, 107, 'artist', 'ranking', '{"artist":{"1":"0","2":"0","3":"0","4":"0","5":"0","6":"0","7":"0","8":"0","9":"0","10":"0","11":"0","12":"0","13":"0","14":"0","15":"0","16":"0","17":"0","18":"0","19":"0","20":"0","21":"0","22":"0","24":"0","25":"0","26":"0","27":"0","28":"0","29":"0"}}', '2013-10-03 14:11:24', NULL),
(101, 107, 'ranking', 'contact', '{"ranking":"dennis is gay"}', '2013-10-03 14:31:57', NULL),
(102, 107, 'ranking', 'contact', '{"ranking":"dennis is gay"}', '2013-10-03 14:32:11', NULL),
(103, 107, 'ranking', 'contact', '{"ranking":"dennis is gay"}', '2013-10-03 14:33:09', NULL),
(104, 107, 'ranking', 'contact', '{"ranking":"dennis is gay"}', '2013-10-03 14:35:20', NULL),
(105, 107, 'ranking', 'contact', '{"ranking":"dennis is gay"}', '2013-10-03 14:37:57', NULL),
(106, 107, 'ranking', 'contact', '{"ranking":"dennis is gay"}', '2013-10-03 14:38:09', NULL),
(107, 107, 'ranking', 'contact', '{"ranking":"dennis is gay"}', '2013-10-03 14:38:15', NULL),
(108, 107, 'ranking', 'contact', '{"ranking":"dennis is gay"}', '2013-10-03 14:39:47', NULL),
(109, 107, 'ranking', 'contact', '{"ranking":"dennis is gay"}', '2013-10-03 14:43:34', NULL),
(110, 107, 'ranking', 'contact', '{"ranking":"dennis is gay"}', '2013-10-03 14:45:43', NULL),
(111, 107, 'contact', 'summary', '{"date_of_birth":{"date":"2013-10-03 14:48:05","timezone_type":3,"timezone":"CET"},"is_female":null,"education_id":"4"}', '2013-10-03 14:48:05', NULL),
(112, 107, 'contact', 'summary', '{"date_of_birth":{"date":"2013-10-03 14:48:20","timezone_type":3,"timezone":"CET"},"is_female":null,"education_id":"4"}', '2013-10-03 14:48:20', NULL),
(113, 107, 'contact', 'summary', '{"date_of_birth":{"date":"2013-10-03 14:49:18","timezone_type":3,"timezone":"CET"},"is_female":null,"education_id":"4"}', '2013-10-03 14:49:18', NULL),
(114, 109, 'basic', 'activity', '{"test":"3"}', '2013-10-04 08:37:12', NULL),
(115, 109, 'basic', 'activity', '{"test":"3"}', '2013-10-04 08:37:29', NULL),
(116, 109, 'activity', 'artist', '{"activity":{"1":"","2":"","3":"","4":"","5":"","6":"","7":"","8":"","9":"","10":"","11":"","12":"","13":"","14":"","15":"","16":"","17":"5","18":"","19":""}}', '2013-10-04 08:37:41', NULL),
(117, 110, 'basic', 'activity', '{"test":"2"}', '2013-10-04 08:57:33', NULL),
(118, 110, 'basic', 'activity', '{"test":"2"}', '2013-10-04 08:58:08', NULL),
(119, 110, 'activity', 'artist', '{"activity":{"1":"","2":"","3":"","4":"","5":"","6":"","7":"","8":"","9":"","10":"","11":"","12":"","13":"","14":"","15":"5","16":"","17":"","18":"","19":""}}', '2013-10-04 08:58:17', NULL),
(120, 110, 'artist', 'ranking', '{"artist":{"1":"0","2":"0","3":"0","4":"0","5":"0","6":"0","7":"0","8":"0","9":"0","10":"0","11":"0","12":"0","13":"0","14":"0","15":"0","16":"0","17":"0","18":"0","19":"0","20":"0","21":"0","22":"0","24":"0","25":"0","26":"0","27":"0","28":"0","29":"0"}}', '2013-10-04 08:59:20', NULL),
(121, 110, 'activity', 'artist', '{"activity":{"1":"","2":"","3":"","4":"","5":"","6":"","7":"","8":"","9":"","10":"","11":"","12":"","13":"","14":"","15":"5","16":"","17":"","18":"","19":""}}', '2013-10-04 08:59:41', NULL),
(122, 110, 'artist', 'ranking', '{"artist":{"1":"0","2":"0","3":"0","4":"0","5":"0","6":"0","7":"0","8":"0","9":"0","10":"0","11":"0","12":"0","13":"0","14":"0","15":"0","16":"0","17":"0","18":"0","19":"0","20":"0","21":"0","22":"0","24":"0","25":"0","26":"0","27":"0","28":"0","29":"0"}}', '2013-10-04 08:59:47', NULL),
(123, 112, 'basic', 'activity', '{"test":"2"}', '2013-10-04 09:01:19', NULL),
(124, 112, 'activity', 'artist', '{"activity":{"1":"","2":"","3":"","4":"","5":"","6":"","7":"","8":"","9":"","10":"","11":"","12":"","13":"","14":"4","15":"","16":"","17":"","18":"","19":"360"}}', '2013-10-04 09:01:36', NULL),
(125, 112, 'artist', 'ranking', '{"artist":{"1":"0","2":"0","3":"0","4":"0","5":"0","6":"0","7":"0","8":"0","9":"0","10":"0","11":"0","12":"0","13":"0","14":"0","15":"0","16":"0","17":"0","18":"0","19":"0","20":"0","21":"0","22":"0","24":"0","25":"0","26":"0","27":"0","28":"0","29":"0"}}', '2013-10-04 09:01:44', NULL),
(126, 110, 'ranking', 'contact', '{"ranking":"dennis is gay"}', '2013-10-04 09:02:38', NULL),
(127, 112, 'ranking', 'contact', '{"ranking":"dennis is gay"}', '2013-10-04 09:02:39', NULL),
(128, 112, 'ranking', 'contact', '{"ranking":"dennis is gay"}', '2013-10-04 09:02:49', NULL),
(129, 112, 'contact', 'summary', '{"date_of_birth":{"date":"2013-10-04 09:03:00","timezone_type":3,"timezone":"CET"},"is_female":null,"education_id":"4"}', '2013-10-04 09:03:00', NULL),
(130, 110, 'contact', 'summary', '{"date_of_birth":{"date":"2013-10-04 09:03:02","timezone_type":3,"timezone":"CET"},"is_female":null,"education_id":"1"}', '2013-10-04 09:03:02', NULL),
(131, 113, 'basic', 'activity', '{"test":"2"}', '2013-10-04 09:05:17', NULL),
(132, 113, 'activity', 'artist', '{"activity":{"1":"","2":"","3":"","4":"","5":"","6":"","7":"","8":"","9":"","10":"","11":"","12":"","13":"","14":"","15":"","16":"","17":"","18":"","19":""}}', '2013-10-04 09:05:31', NULL),
(133, 113, 'artist', 'ranking', '{"artist":{"1":"0","2":"0","3":"0","4":"0","5":"0","6":"0","7":"0","8":"0","9":"0","10":"0","11":"0","12":"0","13":"0","14":"0","15":"0","16":"0","17":"0","18":"0","19":"0","20":"0","21":"0","22":"0","24":"0","25":"0","26":"0","27":"0","28":"0","29":"0"}}', '2013-10-04 09:07:23', NULL),
(134, 113, 'ranking', 'contact', '{"ranking":"dennis is gay"}', '2013-10-04 09:09:32', NULL),
(135, 113, 'contact', 'summary', '{"date_of_birth":{"date":"2013-10-04 09:09:49","timezone_type":3,"timezone":"CET"},"is_female":null,"education_id":"4"}', '2013-10-04 09:09:49', NULL),
(136, 123, 'basic', 'activity', '{"test":"2"}', '2013-11-11 07:39:34', NULL),
(137, 126, 'basic', 'activity', '{"test":"3"}', '2013-11-11 07:48:17', NULL),
(138, 126, 'basic', 'activity', '{"test":"3"}', '2013-11-11 07:49:42', NULL),
(139, 126, 'basic', 'activity', '{"test":"3"}', '2013-11-11 07:50:34', NULL),
(140, 131, 'basic', 'activity', '{"test":"2","question":{"1":"3","2":"8"},"option":{"1":"","2":""}}', '2013-11-15 08:44:53', NULL),
(141, 131, 'activity', 'artist', '{"activity":{"1":"5","2":"5","3":"5","14":"4","15":"4"}}', '2013-11-15 08:44:58', NULL),
(142, 131, 'artist', 'ranking', '{"artist":{"1":"-1","2":"-1","3":"-1","4":"-1","5":"-1","6":"-1","7":"-1","8":"-1","9":"-1","10":"-1","11":"-1","12":"-1","13":"-1","14":"-1","15":"-1","16":"-1","17":"-1","18":"-1","19":"-1","20":"-1","21":"-1","22":"-1","24":"-1","25":"-1","26":"-1","27":"-1","28":"-1","29":"-1"}}', '2013-11-15 08:45:04', NULL),
(143, 131, 'artist', 'ranking', '{"artist":{"1":"-1","2":"-1","3":"-1","4":"-1","5":"-1","6":"-1","7":"-1","8":"-1","9":"-1","10":"-1","11":"-1","12":"-1","13":"-1","14":"-1","15":"-1","16":"-1","17":"-1","18":"-1","19":"-1","20":"-1","21":"-1","22":"-1","24":"-1","25":"-1","26":"-1","27":"-1","28":"-1","29":"-1"}}', '2013-11-15 08:56:23', NULL),
(144, 131, 'artist', 'ranking', '{"artist":{"1":"-1","2":"-1","3":"-1","4":"-1","5":"-1","6":"-1","7":"-1","8":"-1","9":"-1","10":"-1","11":"-1","12":"-1","13":"-1","14":"-1","15":"-1","16":"-1","17":"-1","18":"-1","19":"-1","20":"-1","21":"-1","22":"-1","24":"-1","25":"-1","26":"-1","27":"-1","28":"-1","29":"-1"}}', '2013-11-15 08:56:36', NULL),
(145, 131, 'artist', 'ranking', '{"artist":{"1":"-1","2":"-1","3":"-1","4":"-1","5":"-1","6":"-1","7":"-1","8":"-1","9":"-1","10":"-1","11":"-1","12":"-1","13":"-1","14":"-1","15":"-1","16":"-1","17":"-1","18":"-1","19":"-1","20":"-1","21":"-1","22":"-1","24":"-1","25":"-1","26":"-1","27":"-1","28":"-1","29":"-1"}}', '2013-11-15 08:56:52', NULL),
(146, 131, 'artist', 'ranking', '{"artist":{"1":"-1","2":"-1","3":"-1","4":"-1","5":"-1","6":"-1","7":"-1","8":"-1","9":"-1","10":"-1","11":"-1","12":"-1","13":"-1","14":"-1","15":"-1","16":"-1","17":"-1","18":"-1","19":"-1","20":"-1","21":"-1","22":"-1","24":"-1","25":"-1","26":"-1","27":"-1","28":"-1","29":"-1"}}', '2013-11-15 08:56:59', NULL),
(147, 131, 'artist', 'ranking', '{"artist":{"1":"-1","2":"-1","3":"-1","4":"-1","5":"-1","6":"-1","7":"-1","8":"-1","9":"-1","10":"-1","11":"-1","12":"-1","13":"-1","14":"-1","15":"-1","16":"-1","17":"-1","18":"-1","19":"-1","20":"-1","21":"-1","22":"-1","24":"-1","25":"-1","26":"-1","27":"-1","28":"-1","29":"-1"}}', '2013-11-15 08:57:20', NULL),
(148, 131, 'artist', 'ranking', '{"artist":{"1":"-1","2":"-1","3":"-1","4":"-1","5":"-1","6":"-1","7":"-1","8":"-1","9":"-1","10":"-1","11":"-1","12":"-1","13":"-1","14":"-1","15":"-1","16":"-1","17":"-1","18":"-1","19":"-1","20":"-1","21":"-1","22":"-1","24":"-1","25":"-1","26":"-1","27":"-1","28":"-1","29":"-1"}}', '2013-11-15 08:57:23', NULL),
(149, 131, 'artist', 'ranking', '{"artist":{"1":"-1","2":"-1","3":"-1","4":"-1","5":"-1","6":"-1","7":"-1","8":"-1","9":"-1","10":"-1","11":"-1","12":"-1","13":"-1","14":"-1","15":"-1","16":"-1","17":"-1","18":"-1","19":"-1","20":"-1","21":"-1","22":"-1","24":"-1","25":"-1","26":"-1","27":"-1","28":"-1","29":"-1"}}', '2013-11-15 08:57:34', NULL),
(150, 131, 'artist', 'ranking', '{"artist":{"1":"-1","2":"-1","3":"-1","4":"-1","5":"-1","6":"-1","7":"-1","8":"-1","9":"-1","10":"-1","11":"-1","12":"-1","13":"-1","14":"-1","15":"-1","16":"-1","17":"-1","18":"-1","19":"-1","20":"-1","21":"-1","22":"-1","24":"-1","25":"-1","26":"-1","27":"-1","28":"-1","29":"-1"}}', '2013-11-15 08:57:58', NULL),
(151, 131, 'artist', 'ranking', '{"artist":{"1":"-1","2":"-1","3":"-1","4":"-1","5":"-1","6":"-1","7":"-1","8":"-1","9":"-1","10":"-1","11":"-1","12":"-1","13":"-1","14":"-1","15":"-1","16":"-1","17":"-1","18":"-1","19":"-1","20":"-1","21":"-1","22":"-1","24":"-1","25":"-1","26":"-1","27":"-1","28":"-1","29":"-1"}}', '2013-11-15 08:58:41', NULL),
(152, 131, 'artist', 'ranking', '{"artist":{"1":"-1","2":"-1","3":"-1","4":"-1","5":"-1","6":"-1","7":"-1","8":"-1","9":"-1","10":"-1","11":"-1","12":"-1","13":"-1","14":"-1","15":"-1","16":"-1","17":"-1","18":"-1","19":"-1","20":"-1","21":"-1","22":"-1","24":"-1","25":"-1","26":"-1","27":"-1","28":"-1","29":"-1"}}', '2013-11-15 08:59:48', NULL),
(153, 131, 'artist', 'ranking', '{"artist":{"1":"-1","2":"-1","3":"-1","4":"-1","5":"-1","6":"-1","7":"-1","8":"-1","9":"-1","10":"-1","11":"-1","12":"-1","13":"-1","14":"-1","15":"-1","16":"-1","17":"-1","18":"-1","19":"-1","20":"-1","21":"-1","22":"-1","24":"-1","25":"-1","26":"-1","27":"-1","28":"-1","29":"-1"}}', '2013-11-15 09:00:28', NULL),
(154, 131, 'artist', 'ranking', '{"artist":{"1":"-1","2":"-1","3":"-1","4":"-1","5":"-1","6":"-1","7":"-1","8":"-1","9":"-1","10":"-1","11":"-1","12":"-1","13":"-1","14":"-1","15":"-1","16":"-1","17":"-1","18":"-1","19":"-1","20":"-1","21":"-1","22":"-1","24":"-1","25":"-1","26":"-1","27":"-1","28":"-1","29":"-1"}}', '2013-11-15 09:01:29', NULL),
(155, 131, 'artist', 'ranking', '{"artist":{"1":"-1","2":"-1","3":"-1","4":"-1","5":"-1","6":"-1","7":"-1","8":"-1","9":"-1","10":"-1","11":"-1","12":"-1","13":"-1","14":"-1","15":"-1","16":"-1","17":"-1","18":"-1","19":"-1","20":"-1","21":"-1","22":"-1","24":"-1","25":"-1","26":"-1","27":"-1","28":"-1","29":"-1"}}', '2013-11-15 09:03:55', NULL),
(156, 131, 'artist', 'ranking', '{"artist":{"1":"-1","2":"-1","3":"-1","4":"-1","5":"-1","6":"-1","7":"-1","8":"-1","9":"-1","10":"-1","11":"-1","12":"-1","13":"-1","14":"-1","15":"-1","16":"-1","17":"-1","18":"-1","19":"-1","20":"-1","21":"-1","22":"-1","24":"-1","25":"-1","26":"-1","27":"-1","28":"-1","29":"-1"}}', '2013-11-15 09:05:08', NULL),
(157, 131, 'artist', 'ranking', '{"artist":{"1":"-1","2":"-1","3":"-1","4":"-1","5":"-1","6":"-1","7":"-1","8":"-1","9":"-1","10":"-1","11":"-1","12":"-1","13":"-1","14":"-1","15":"-1","16":"-1","17":"-1","18":"-1","19":"-1","20":"-1","21":"-1","22":"-1","24":"-1","25":"-1","26":"-1","27":"-1","28":"-1","29":"-1"}}', '2013-11-15 09:05:50', NULL),
(158, 131, 'artist', 'ranking', '{"artist":{"1":"-1","2":"-1","3":"-1","4":"-1","5":"-1","6":"-1","7":"-1","8":"-1","9":"-1","10":"-1","11":"-1","12":"-1","13":"-1","14":"-1","15":"-1","16":"-1","17":"-1","18":"-1","19":"-1","20":"-1","21":"-1","22":"-1","24":"-1","25":"-1","26":"-1","27":"-1","28":"-1","29":"-1"}}', '2013-11-15 09:09:08', NULL),
(159, 131, 'artist', 'ranking', '{"artist":{"1":"-1","2":"-1","3":"-1","4":"-1","5":"-1","6":"-1","7":"-1","8":"-1","9":"-1","10":"-1","11":"-1","12":"-1","13":"-1","14":"-1","15":"-1","16":"-1","17":"-1","18":"-1","19":"-1","20":"-1","21":"-1","22":"-1","24":"-1","25":"-1","26":"-1","27":"-1","28":"-1","29":"-1"}}', '2013-11-15 09:10:46', NULL),
(160, 131, 'artist', 'ranking', '{"artist":{"1":"-1","2":"-1","3":"-1","4":"-1","5":"-1","6":"-1","7":"-1","8":"-1","9":"-1","10":"-1","11":"-1","12":"-1","13":"-1","14":"-1","15":"-1","16":"-1","17":"-1","18":"-1","19":"-1","20":"-1","21":"-1","22":"-1","24":"-1","25":"-1","26":"-1","27":"-1","28":"-1","29":"-1"}}', '2013-11-15 09:13:31', NULL),
(161, 131, 'artist', 'ranking', '{"artist":{"1":"-1","2":"-1","3":"-1","4":"-1","5":"-1","6":"-1","7":"-1","8":"-1","9":"-1","10":"-1","11":"-1","12":"-1","13":"-1","14":"-1","15":"-1","16":"-1","17":"-1","18":"-1","19":"-1","20":"-1","21":"-1","22":"-1","24":"-1","25":"-1","26":"-1","27":"-1","28":"-1","29":"-1"}}', '2013-11-15 09:13:54', NULL),
(162, 131, 'artist', 'ranking', '{"artist":{"1":"-1","2":"-1","3":"-1","4":"-1","5":"-1","6":"-1","7":"-1","8":"-1","9":"-1","10":"-1","11":"-1","12":"-1","13":"-1","14":"-1","15":"-1","16":"-1","17":"-1","18":"-1","19":"-1","20":"-1","21":"-1","22":"-1","24":"-1","25":"-1","26":"-1","27":"-1","28":"-1","29":"-1"}}', '2013-11-15 09:14:05', NULL),
(163, 131, 'artist', 'ranking', '{"artist":{"1":"-1","2":"-1","3":"-1","4":"-1","5":"-1","6":"-1","7":"-1","8":"-1","9":"-1","10":"-1","11":"-1","12":"-1","13":"-1","14":"-1","15":"-1","16":"-1","17":"-1","18":"-1","19":"-1","20":"-1","21":"-1","22":"-1","24":"-1","25":"-1","26":"-1","27":"-1","28":"-1","29":"-1"}}', '2013-11-15 09:14:35', NULL),
(164, 131, 'artist', 'ranking', '{"artist":{"1":"-1","2":"-1","3":"-1","4":"-1","5":"-1","6":"-1","7":"-1","8":"-1","9":"-1","10":"-1","11":"-1","12":"-1","13":"-1","14":"-1","15":"-1","16":"-1","17":"-1","18":"-1","19":"-1","20":"-1","21":"-1","22":"-1","24":"-1","25":"-1","26":"-1","27":"-1","28":"-1","29":"-1"}}', '2013-11-15 09:28:48', NULL),
(165, 131, 'artist', 'ranking', '{"artist":{"1":"-1","2":"-1","3":"-1","4":"-1","5":"-1","6":"-1","7":"-1","8":"-1","9":"-1","10":"-1","11":"-1","12":"-1","13":"-1","14":"-1","15":"-1","16":"-1","17":"-1","18":"-1","19":"-1","20":"-1","21":"-1","22":"-1","24":"-1","25":"-1","26":"-1","27":"-1","28":"-1","29":"-1"}}', '2013-11-15 09:29:17', NULL),
(166, 131, 'artist', 'ranking', '{"artist":{"1":"-1","2":"-1","3":"-1","4":"-1","5":"-1","6":"-1","7":"-1","8":"-1","9":"-1","10":"-1","11":"-1","12":"-1","13":"-1","14":"-1","15":"-1","16":"-1","17":"-1","18":"-1","19":"-1","20":"-1","21":"-1","22":"-1","24":"-1","25":"-1","26":"-1","27":"-1","28":"-1","29":"-1"}}', '2013-11-15 09:29:25', NULL),
(167, 131, 'artist', 'ranking', '{"artist":{"1":"-1","2":"-1","3":"-1","4":"-1","5":"-1","6":"-1","7":"-1","8":"-1","9":"-1","10":"-1","11":"-1","12":"-1","13":"-1","14":"-1","15":"-1","16":"-1","17":"-1","18":"-1","19":"-1","20":"-1","21":"-1","22":"-1","24":"-1","25":"-1","26":"-1","27":"-1","28":"-1","29":"-1"}}', '2013-11-15 09:29:30', NULL),
(168, 131, 'artist', 'ranking', '{"artist":{"1":"-1","2":"-1","3":"-1","4":"-1","5":"-1","6":"-1","7":"-1","8":"-1","9":"-1","10":"-1","11":"-1","12":"-1","13":"-1","14":"-1","15":"-1","16":"-1","17":"-1","18":"-1","19":"-1","20":"-1","21":"-1","22":"-1","24":"-1","25":"-1","26":"-1","27":"-1","28":"-1","29":"-1"}}', '2013-11-15 09:29:37', NULL),
(169, 131, 'artist', 'ranking', '{"artist":{"1":"-1","2":"-1","3":"-1","4":"-1","5":"-1","6":"-1","7":"-1","8":"-1","9":"-1","10":"-1","11":"-1","12":"-1","13":"-1","14":"-1","15":"-1","16":"-1","17":"-1","18":"-1","19":"-1","20":"-1","21":"-1","22":"-1","24":"-1","25":"-1","26":"-1","27":"-1","28":"-1","29":"-1"}}', '2013-11-15 09:30:21', NULL),
(170, 131, 'artist', 'ranking', '{"artist":{"1":"-1","2":"-1","3":"-1","4":"-1","5":"-1","6":"-1","7":"-1","8":"-1","9":"-1","10":"-1","11":"-1","12":"-1","13":"-1","14":"-1","15":"-1","16":"-1","17":"-1","18":"-1","19":"-1","20":"-1","21":"-1","22":"-1","24":"-1","25":"-1","26":"-1","27":"-1","28":"-1","29":"-1"}}', '2013-11-15 09:31:14', NULL),
(171, 131, 'artist', 'ranking', '{"artist":{"1":"-1","2":"-1","3":"-1","4":"-1","5":"-1","6":"-1","7":"-1","8":"-1","9":"-1","10":"-1","11":"-1","12":"-1","13":"-1","14":"-1","15":"-1","16":"-1","17":"-1","18":"-1","19":"-1","20":"-1","21":"-1","22":"-1","24":"-1","25":"-1","26":"-1","27":"-1","28":"-1","29":"-1"}}', '2013-11-15 09:32:46', NULL),
(172, 131, 'artist', 'ranking', '{"artist":{"1":"-1","2":"-1","3":"-1","4":"-1","5":"-1","6":"-1","7":"-1","8":"-1","9":"-1","10":"-1","11":"-1","12":"-1","13":"-1","14":"-1","15":"-1","16":"-1","17":"-1","18":"-1","19":"-1","20":"-1","21":"-1","22":"-1","24":"-1","25":"-1","26":"-1","27":"-1","28":"-1","29":"-1"}}', '2013-11-15 09:34:10', NULL),
(173, 131, 'artist', 'ranking', '{"artist":{"1":"-1","2":"-1","3":"-1","4":"-1","5":"-1","6":"-1","7":"-1","8":"-1","9":"-1","10":"-1","11":"-1","12":"-1","13":"-1","14":"-1","15":"-1","16":"-1","17":"-1","18":"-1","19":"-1","20":"-1","21":"-1","22":"-1","24":"-1","25":"-1","26":"-1","27":"-1","28":"-1","29":"-1"}}', '2013-11-15 09:34:18', NULL),
(174, 131, 'artist', 'ranking', '{"artist":{"1":"-1","2":"-1","3":"-1","4":"-1","5":"-1","6":"-1","7":"-1","8":"-1","9":"-1","10":"-1","11":"-1","12":"-1","13":"-1","14":"-1","15":"-1","16":"-1","17":"-1","18":"-1","19":"-1","20":"-1","21":"-1","22":"-1","24":"-1","25":"-1","26":"-1","27":"-1","28":"-1","29":"-1"}}', '2013-11-15 09:35:08', NULL),
(175, 131, 'artist', 'ranking', '{"artist":{"1":"-1","2":"-1","3":"-1","4":"-1","5":"-1","6":"-1","7":"-1","8":"-1","9":"-1","10":"-1","11":"-1","12":"-1","13":"-1","14":"-1","15":"-1","16":"-1","17":"-1","18":"-1","19":"-1","20":"-1","21":"-1","22":"-1","24":"-1","25":"-1","26":"-1","27":"-1","28":"-1","29":"-1"}}', '2013-11-15 09:36:23', NULL),
(176, 131, 'artist', 'ranking', '{"artist":{"1":"-1","2":"-1","3":"-1","4":"-1","5":"-1","6":"-1","7":"-1","8":"-1","9":"-1","10":"-1","11":"-1","12":"-1","13":"-1","14":"-1","15":"-1","16":"-1","17":"-1","18":"-1","19":"-1","20":"-1","21":"-1","22":"-1","24":"-1","25":"-1","26":"-1","27":"-1","28":"-1","29":"-1"}}', '2013-11-15 09:37:06', NULL),
(177, 131, 'artist', 'ranking', '{"artist":{"1":"-1","2":"-1","3":"-1","4":"-1","5":"-1","6":"-1","7":"-1","8":"-1","9":"-1","10":"-1","11":"-1","12":"-1","13":"-1","14":"-1","15":"-1","16":"-1","17":"-1","18":"-1","19":"-1","20":"-1","21":"-1","22":"-1","24":"-1","25":"-1","26":"-1","27":"-1","28":"-1","29":"-1"}}', '2013-11-15 09:37:47', NULL),
(178, 131, 'artist', 'ranking', '{"artist":{"1":"-1","2":"-1","3":"-1","4":"-1","5":"-1","6":"-1","7":"-1","8":"-1","9":"-1","10":"-1","11":"-1","12":"-1","13":"-1","14":"-1","15":"-1","16":"-1","17":"-1","18":"-1","19":"-1","20":"-1","21":"-1","22":"-1","24":"-1","25":"-1","26":"-1","27":"-1","28":"-1","29":"-1"}}', '2013-11-15 09:38:23', NULL),
(179, 131, 'artist', 'ranking', '{"artist":{"1":"-1","2":"-1","3":"-1","4":"-1","5":"-1","6":"-1","7":"-1","8":"-1","9":"-1","10":"-1","11":"-1","12":"-1","13":"-1","14":"-1","15":"-1","16":"-1","17":"-1","18":"-1","19":"-1","20":"-1","21":"-1","22":"-1","24":"-1","25":"-1","26":"-1","27":"-1","28":"-1","29":"-1"}}', '2013-11-15 09:38:41', NULL),
(180, 131, 'artist', 'ranking', '{"artist":{"1":"-1","2":"-1","3":"-1","4":"-1","5":"-1","6":"-1","7":"-1","8":"-1","9":"-1","10":"-1","11":"-1","12":"-1","13":"-1","14":"-1","15":"-1","16":"-1","17":"-1","18":"-1","19":"-1","20":"-1","21":"-1","22":"-1","24":"-1","25":"-1","26":"-1","27":"-1","28":"-1","29":"-1"}}', '2013-11-15 09:40:30', NULL),
(181, 131, 'artist', 'ranking', '{"artist":{"1":"-1","2":"-1","3":"-1","4":"-1","5":"-1","6":"-1","7":"-1","8":"-1","9":"-1","10":"-1","11":"-1","12":"-1","13":"-1","14":"-1","15":"-1","16":"-1","17":"-1","18":"-1","19":"-1","20":"-1","21":"-1","22":"-1","24":"-1","25":"-1","26":"-1","27":"-1","28":"-1","29":"-1"}}', '2013-11-15 09:40:56', NULL),
(182, 131, 'artist', 'ranking', '{"artist":{"1":"-1","2":"-1","3":"-1","4":"-1","5":"-1","6":"-1","7":"-1","8":"-1","9":"-1","10":"-1","11":"-1","12":"-1","13":"-1","14":"-1","15":"-1","16":"-1","17":"-1","18":"-1","19":"-1","20":"-1","21":"-1","22":"-1","24":"-1","25":"-1","26":"-1","27":"-1","28":"-1","29":"-1"}}', '2013-11-15 09:41:11', NULL),
(183, 131, 'artist', 'ranking', '{"artist":{"1":"-1","2":"-1","3":"-1","4":"-1","5":"-1","6":"-1","7":"-1","8":"-1","9":"-1","10":"-1","11":"-1","12":"-1","13":"-1","14":"-1","15":"-1","16":"-1","17":"-1","18":"-1","19":"-1","20":"-1","21":"-1","22":"-1","24":"-1","25":"-1","26":"-1","27":"-1","28":"-1","29":"-1"}}', '2013-11-15 09:41:20', NULL),
(184, 131, 'artist', 'ranking', '{"artist":{"1":"-1","2":"-1","3":"-1","4":"-1","5":"-1","6":"-1","7":"-1","8":"-1","9":"-1","10":"-1","11":"-1","12":"-1","13":"-1","14":"-1","15":"-1","16":"-1","17":"-1","18":"-1","19":"-1","20":"-1","21":"-1","22":"-1","24":"-1","25":"-1","26":"-1","27":"-1","28":"-1","29":"-1"}}', '2013-11-15 09:41:59', NULL),
(185, 131, 'artist', 'ranking', '{"artist":{"1":"-1","2":"-1","3":"-1","4":"-1","5":"-1","6":"-1","7":"-1","8":"-1","9":"-1","10":"-1","11":"-1","12":"-1","13":"-1","14":"-1","15":"-1","16":"-1","17":"-1","18":"-1","19":"-1","20":"-1","21":"-1","22":"-1","24":"-1","25":"-1","26":"-1","27":"-1","28":"-1","29":"-1"}}', '2013-11-15 09:42:20', NULL),
(186, 131, 'artist', 'ranking', '{"artist":{"1":"-1","2":"-1","3":"-1","4":"-1","5":"-1","6":"-1","7":"-1","8":"-1","9":"-1","10":"-1","11":"-1","12":"-1","13":"-1","14":"-1","15":"-1","16":"-1","17":"-1","18":"-1","19":"-1","20":"-1","21":"-1","22":"-1","24":"-1","25":"-1","26":"-1","27":"-1","28":"-1","29":"-1"}}', '2013-11-15 09:42:34', NULL),
(187, 131, 'artist', 'ranking', '{"artist":{"1":"-1","2":"-1","3":"-1","4":"-1","5":"-1","6":"-1","7":"-1","8":"-1","9":"-1","10":"-1","11":"-1","12":"-1","13":"-1","14":"-1","15":"-1","16":"-1","17":"-1","18":"-1","19":"-1","20":"-1","21":"-1","22":"-1","24":"-1","25":"-1","26":"-1","27":"-1","28":"-1","29":"-1"}}', '2013-11-15 09:42:39', NULL),
(188, 131, 'artist', 'ranking', '{"artist":{"1":"-1","2":"-1","3":"-1","4":"-1","5":"-1","6":"-1","7":"-1","8":"-1","9":"-1","10":"-1","11":"-1","12":"-1","13":"-1","14":"-1","15":"-1","16":"-1","17":"-1","18":"-1","19":"-1","20":"-1","21":"-1","22":"-1","24":"-1","25":"-1","26":"-1","27":"-1","28":"-1","29":"-1"}}', '2013-11-15 09:46:45', NULL),
(189, 131, 'basic', 'activity', '{"test":"2","question":{"1":"3","2":"8"},"option":{"1":"","2":""}}', '2013-11-15 09:46:53', NULL),
(190, 131, 'activity', 'artist', '{"activity":{"1":"5","2":"5","3":"5","14":"4","15":"4"}}', '2013-11-15 09:46:56', NULL),
(191, 131, 'artist', 'ranking', '{"artist":{"1":"-1","2":"-1","3":"-1","4":"-1","5":"-1","6":"-1","7":"-1","8":"-1","9":"-1","10":"-1","11":"-1","12":"-1","13":"-1","14":"-1","15":"-1","16":"-1","17":"-1","18":"-1","19":"-1","20":"-1","21":"-1","22":"-1","24":"-1","25":"-1","26":"-1","27":"-1","28":"-1","29":"-1"}}', '2013-11-15 09:46:57', NULL),
(192, 131, 'artist', 'ranking', '{"artist":{"1":"-1","2":"-1","3":"-1","4":"-1","5":"-1","6":"-1","7":"-1","8":"-1","9":"-1","10":"-1","11":"-1","12":"-1","13":"-1","14":"-1","15":"-1","16":"-1","17":"-1","18":"-1","19":"-1","20":"-1","21":"-1","22":"-1","24":"-1","25":"-1","26":"-1","27":"-1","28":"-1","29":"-1"}}', '2013-11-15 09:49:01', NULL),
(193, 131, 'artist', 'ranking', '{"artist":{"1":"-1","2":"-1","3":"-1","4":"-1","5":"-1","6":"-1","7":"-1","8":"-1","9":"-1","10":"-1","11":"-1","12":"-1","13":"-1","14":"-1","15":"-1","16":"-1","17":"-1","18":"-1","19":"-1","20":"-1","21":"-1","22":"-1","24":"-1","25":"-1","26":"-1","27":"-1","28":"-1","29":"-1"}}', '2013-11-15 09:49:07', NULL),
(194, 131, 'basic', 'activity', '{"test":"2","question":{"1":"3","2":"8"},"option":{"1":"","2":""}}', '2013-11-15 09:49:15', NULL),
(195, 131, 'activity', 'artist', '{"activity":{"1":"5","2":"5","3":"5","14":"4","15":"4"}}', '2013-11-15 09:49:17', NULL),
(196, 131, 'artist', 'ranking', '{"artist":{"1":"-1","2":"-1","3":"-1","4":"-1","5":"-1","6":"-1","7":"-1","8":"-1","9":"-1","10":"-1","11":"-1","12":"-1","13":"-1","14":"-1","15":"-1","16":"-1","17":"-1","18":"-1","19":"-1","20":"-1","21":"-1","22":"-1","24":"-1","25":"-1","26":"-1","27":"-1","28":"-1","29":"-1"}}', '2013-11-15 09:49:19', NULL),
(197, 131, 'artist', 'ranking', '{"artist":{"1":"-1","2":"-1","3":"-1","4":"-1","5":"-1","6":"-1","7":"-1","8":"-1","9":"-1","10":"-1","11":"-1","12":"-1","13":"-1","14":"-1","15":"-1","16":"-1","17":"-1","18":"-1","19":"-1","20":"-1","21":"-1","22":"-1","24":"-1","25":"-1","26":"-1","27":"-1","28":"-1","29":"-1"}}', '2013-11-15 09:49:46', NULL),
(198, 131, 'artist', 'ranking', '{"artist":{"1":"-1","2":"-1","3":"-1","4":"-1","5":"-1","6":"-1","7":"-1","8":"-1","9":"-1","10":"-1","11":"-1","12":"-1","13":"-1","14":"-1","15":"-1","16":"-1","17":"-1","18":"-1","19":"-1","20":"-1","21":"-1","22":"-1","24":"-1","25":"-1","26":"-1","27":"-1","28":"-1","29":"-1"}}', '2013-11-15 09:49:52', NULL),
(199, 131, 'artist', 'ranking', '{"artist":{"1":"-1","2":"-1","3":"-1","4":"-1","5":"-1","6":"-1","7":"-1","8":"-1","9":"-1","10":"-1","11":"-1","12":"-1","13":"-1","14":"-1","15":"-1","16":"-1","17":"-1","18":"-1","19":"-1","20":"-1","21":"-1","22":"-1","24":"-1","25":"-1","26":"-1","27":"-1","28":"-1","29":"-1"}}', '2013-11-15 09:51:07', NULL),
(200, 131, 'artist', 'ranking', '{"artist":{"1":"-1","2":"-1","3":"-1","4":"-1","5":"-1","6":"-1","7":"-1","8":"-1","9":"-1","10":"-1","11":"-1","12":"-1","13":"-1","14":"-1","15":"-1","16":"-1","17":"-1","18":"-1","19":"-1","20":"-1","21":"-1","22":"-1","24":"-1","25":"-1","26":"-1","27":"-1","28":"-1","29":"-1"}}', '2013-11-15 09:52:33', NULL),
(201, 131, 'artist', 'ranking', '{"artist":{"1":"-1","2":"-1","3":"-1","4":"-1","5":"-1","6":"-1","7":"-1","8":"-1","9":"-1","10":"-1","11":"-1","12":"-1","13":"-1","14":"-1","15":"-1","16":"-1","17":"-1","18":"-1","19":"-1","20":"-1","21":"-1","22":"-1","24":"-1","25":"-1","26":"-1","27":"-1","28":"-1","29":"-1"}}', '2013-11-15 09:52:44', NULL),
(202, 131, 'artist', 'ranking', '{"artist":{"1":"-1","2":"-1","3":"-1","4":"-1","5":"-1","6":"-1","7":"-1","8":"-1","9":"-1","10":"-1","11":"-1","12":"-1","13":"-1","14":"-1","15":"-1","16":"-1","17":"-1","18":"-1","19":"-1","20":"-1","21":"-1","22":"-1","24":"-1","25":"-1","26":"-1","27":"-1","28":"-1","29":"-1"}}', '2013-11-15 09:54:23', NULL),
(203, 131, 'artist', 'ranking', '{"artist":{"1":"-1","2":"-1","3":"-1","4":"-1","5":"-1","6":"-1","7":"-1","8":"-1","9":"-1","10":"-1","11":"-1","12":"-1","13":"-1","14":"-1","15":"-1","16":"-1","17":"-1","18":"-1","19":"-1","20":"-1","21":"-1","22":"-1","24":"-1","25":"-1","26":"-1","27":"-1","28":"-1","29":"-1"}}', '2013-11-15 09:54:32', NULL),
(204, 131, 'artist', 'ranking', '{"artist":{"1":"-1","2":"-1","3":"-1","4":"-1","5":"-1","6":"-1","7":"-1","8":"-1","9":"-1","10":"-1","11":"-1","12":"-1","13":"-1","14":"-1","15":"-1","16":"-1","17":"-1","18":"-1","19":"-1","20":"-1","21":"-1","22":"-1","24":"-1","25":"-1","26":"-1","27":"-1","28":"-1","29":"-1"}}', '2013-11-15 09:54:47', NULL),
(205, 131, 'artist', 'ranking', '{"artist":{"1":"-1","2":"-1","3":"-1","4":"-1","5":"-1","6":"-1","7":"-1","8":"-1","9":"-1","10":"-1","11":"-1","12":"-1","13":"-1","14":"-1","15":"-1","16":"-1","17":"-1","18":"-1","19":"-1","20":"-1","21":"-1","22":"-1","24":"-1","25":"-1","26":"-1","27":"-1","28":"-1","29":"-1"}}', '2013-11-15 09:55:41', NULL),
(206, 131, 'artist', 'ranking', '{"artist":{"1":"-1","2":"-1","3":"-1","4":"-1","5":"-1","6":"-1","7":"-1","8":"-1","9":"-1","10":"-1","11":"-1","12":"-1","13":"-1","14":"-1","15":"-1","16":"-1","17":"-1","18":"-1","19":"-1","20":"-1","21":"-1","22":"-1","24":"-1","25":"-1","26":"-1","27":"-1","28":"-1","29":"-1"}}', '2013-11-15 09:58:57', NULL),
(207, 131, 'artist', 'ranking', '{"artist":{"1":"-1","2":"-1","3":"-1","4":"-1","5":"-1","6":"-1","7":"-1","8":"-1","9":"-1","10":"-1","11":"-1","12":"-1","13":"-1","14":"-1","15":"-1","16":"-1","17":"-1","18":"-1","19":"-1","20":"-1","21":"-1","22":"-1","24":"-1","25":"-1","26":"-1","27":"-1","28":"-1","29":"-1"}}', '2013-11-15 09:59:33', NULL),
(208, 131, 'artist', 'ranking', '{"artist":{"1":"-1","2":"-1","3":"-1","4":"-1","5":"-1","6":"-1","7":"-1","8":"-1","9":"-1","10":"-1","11":"-1","12":"-1","13":"-1","14":"-1","15":"-1","16":"-1","17":"-1","18":"-1","19":"-1","20":"-1","21":"-1","22":"-1","24":"-1","25":"-1","26":"-1","27":"-1","28":"-1","29":"-1"}}', '2013-11-15 09:59:47', NULL),
(209, 131, 'artist', 'ranking', '{"artist":{"1":"-1","2":"-1","3":"-1","4":"-1","5":"-1","6":"-1","7":"-1","8":"-1","9":"-1","10":"-1","11":"-1","12":"-1","13":"-1","14":"-1","15":"-1","16":"-1","17":"-1","18":"-1","19":"-1","20":"-1","21":"-1","22":"-1","24":"-1","25":"-1","26":"-1","27":"-1","28":"-1","29":"-1"}}', '2013-11-15 10:03:25', NULL),
(210, 131, 'artist', 'ranking', '{"artist":{"1":"-1","2":"-1","3":"-1","4":"-1","5":"-1","6":"-1","7":"-1","8":"-1","9":"-1","10":"-1","11":"-1","12":"-1","13":"-1","14":"-1","15":"-1","16":"-1","17":"-1","18":"-1","19":"-1","20":"-1","21":"-1","22":"-1","24":"-1","25":"-1","26":"-1","27":"-1","28":"-1","29":"-1"}}', '2013-11-15 10:03:34', NULL),
(211, 131, 'artist', 'ranking', '{"artist":{"1":"-1","2":"-1","3":"-1","4":"-1","5":"-1","6":"-1","7":"-1","8":"-1","9":"-1","10":"-1","11":"-1","12":"-1","13":"-1","14":"-1","15":"-1","16":"-1","17":"-1","18":"-1","19":"-1","20":"-1","21":"-1","22":"-1","24":"-1","25":"-1","26":"-1","27":"-1","28":"-1","29":"-1"}}', '2013-11-15 10:04:22', NULL),
(212, 131, 'artist', 'ranking', '{"artist":{"1":"-1","2":"-1","3":"-1","4":"-1","5":"-1","6":"-1","7":"-1","8":"-1","9":"-1","10":"-1","11":"-1","12":"-1","13":"-1","14":"-1","15":"-1","16":"-1","17":"-1","18":"-1","19":"-1","20":"-1","21":"-1","22":"-1","24":"-1","25":"-1","26":"-1","27":"-1","28":"-1","29":"-1"}}', '2013-11-15 10:04:40', NULL);
INSERT INTO `yii_wizard_log` (`wizard_log_id`, `wizard_session_id`, `action_id`, `next_action_id`, `data_encoded`, `create_date`, `modify_date`) VALUES
(213, 131, 'artist', 'ranking', '{"artist":{"1":"-1","2":"-1","3":"-1","4":"-1","5":"-1","6":"-1","7":"-1","8":"-1","9":"-1","10":"-1","11":"-1","12":"-1","13":"-1","14":"-1","15":"-1","16":"-1","17":"-1","18":"-1","19":"-1","20":"-1","21":"-1","22":"-1","24":"-1","25":"-1","26":"-1","27":"-1","28":"-1","29":"-1"}}', '2013-11-15 10:10:10', NULL),
(214, 131, 'artist', 'ranking', '{"artist":{"1":"-1","2":"-1","3":"-1","4":"-1","5":"-1","6":"-1","7":"-1","8":"-1","9":"-1","10":"-1","11":"-1","12":"-1","13":"-1","14":"-1","15":"-1","16":"-1","17":"-1","18":"-1","19":"-1","20":"-1","21":"-1","22":"-1","24":"-1","25":"-1","26":"-1","27":"-1","28":"-1","29":"-1"}}', '2013-11-15 10:10:12', NULL),
(215, 131, 'artist', 'ranking', '{"artist":{"1":"-1","2":"-1","3":"-1","4":"-1","5":"-1","6":"-1","7":"-1","8":"-1","9":"-1","10":"-1","11":"-1","12":"-1","13":"-1","14":"-1","15":"-1","16":"-1","17":"-1","18":"-1","19":"-1","20":"-1","21":"-1","22":"-1","24":"-1","25":"-1","26":"-1","27":"-1","28":"-1","29":"-1"}}', '2013-11-15 10:10:24', NULL),
(216, 131, 'ranking', 'contact', '{"ranking":{"5":"","6":""}}', '2013-11-15 10:10:29', NULL),
(217, 131, 'ranking', 'contact', '{"ranking":{"3":"","1":"","6":"","4":"","7":""}}', '2013-11-15 10:52:32', NULL),
(218, 131, 'contact', 'summary', '{"date_of_birth":{"date":"1983-01-01 00:00:00","timezone_type":3,"timezone":"CET"},"is_female":"0","education_id":"3"}', '2013-11-15 10:52:47', NULL),
(219, 131, 'contact', 'summary', '{"date_of_birth":{"date":"1983-01-01 00:00:00","timezone_type":3,"timezone":"CET"},"is_female":"0","education_id":"3"}', '2013-11-15 10:55:15', NULL),
(220, 131, 'contact', 'summary', '{"date_of_birth":{"date":"1983-01-01 00:00:00","timezone_type":3,"timezone":"CET"},"is_female":"0","education_id":"3"}', '2013-11-15 10:56:17', NULL),
(221, 131, 'contact', 'summary', '{"date_of_birth":{"date":"1983-01-01 00:00:00","timezone_type":3,"timezone":"CET"},"is_female":"0","education_id":"3"}', '2013-11-15 10:57:20', NULL),
(222, 134, 'basic', 'activity', '{"test":"2","question":{"1":"3","2":"7"},"option":{"1":"","2":""}}', '2013-11-15 10:59:47', NULL),
(223, 134, 'activity', 'artist', '{"activity":{"1":"5","2":"8","13":"8","15":"8"}}', '2013-11-15 10:59:53', NULL),
(224, 134, 'artist', 'ranking', '{"artist":{"1":"-1","2":"-1","3":"-1","4":"-1","5":"-1","6":"-1","7":"-1","8":"-1","9":"-1","10":"-1","11":"-1","12":"-1","13":"-1","14":"-1","15":"-1","16":"-1","17":"-1","18":"-1","19":"-1","20":"-1","21":"-1","22":"-1","24":"-1","25":"-1","26":"-1","27":"-1","28":"-1","29":"-1"}}', '2013-11-15 11:00:03', NULL),
(225, 134, 'ranking', 'contact', '{"ranking":{"4":"","1":"","5":""}}', '2013-11-15 11:00:13', NULL),
(226, 134, 'contact', 'email', '{"date_of_birth":{"date":"1983-01-01 00:00:00","timezone_type":3,"timezone":"CET"},"is_female":"0","education_id":"2"}', '2013-11-15 11:00:18', NULL),
(227, 134, 'contact', 'email', '{"date_of_birth":{"date":"1983-01-01 00:00:00","timezone_type":3,"timezone":"CET"},"is_female":"0","education_id":"2"}', '2013-11-15 11:00:30', NULL),
(228, 134, 'contact', 'email', '{"date_of_birth":{"date":"1983-01-01 00:00:00","timezone_type":3,"timezone":"CET"},"is_female":"0","education_id":"2"}', '2013-11-15 11:00:40', NULL),
(229, 134, 'contact', 'email', '{"date_of_birth":{"date":"1983-01-01 00:00:00","timezone_type":3,"timezone":"CET"},"is_female":"0","education_id":"2"}', '2013-11-15 11:00:47', NULL),
(230, 134, 'email', 'summary', '{"emailAdress":""}', '2013-11-15 11:00:49', NULL),
(231, 134, 'email', NULL, '{"emailAdress":""}', '2013-11-15 11:01:21', NULL),
(232, 134, 'email', NULL, '{"emailAdress":""}', '2013-11-15 11:01:27', NULL),
(233, 135, 'basic', 'activity', '{"test":"2","question":{"1":"-1","2":"7"},"option":{"1":"met de fiets","2":""}}', '2013-11-15 11:28:18', NULL),
(234, 135, 'activity', 'artist', '{"activity":{"1":"8","16":"5"}}', '2013-11-15 11:28:21', NULL),
(235, 135, 'artist', 'ranking', '{"artist":{"1":"-1","2":"-1","3":"-1","4":"-1","5":"-1","6":"-1","7":"-1","8":"-1","9":"-1","10":"-1","11":"-1","12":"-1","13":"-1","14":"-1","15":"-1","16":"-1","17":"-1","18":"-1","19":"-1","20":"-1","21":"-1","22":"-1","24":"-1","25":"-1","26":"-1","27":"-1","28":"-1","29":"-1"}}', '2013-11-15 11:28:23', NULL),
(236, 135, 'ranking', 'contact', '{"ranking":{"5":"","7":"","6":"","1":""}}', '2013-11-15 11:28:30', NULL),
(237, 135, 'contact', 'email', '{"date_of_birth":{"date":"1983-01-01 00:00:00","timezone_type":3,"timezone":"CET"},"is_female":"0","education_id":"2"}', '2013-11-15 11:28:32', NULL),
(238, 136, 'basic', 'activity', '{"test":"2","question":{"1":"2","2":"8"},"option":{"1":"","2":""}}', '2013-11-15 11:30:32', NULL),
(239, 136, 'activity', 'artist', '{"activity":{"1":"8","12":"8"}}', '2013-11-15 11:30:35', NULL),
(240, 136, 'basic', 'activity', '{"test":"2","question":{"1":"3","2":"-1"},"option":{"1":"","2":""}}', '2013-11-15 12:02:54', NULL),
(241, 136, 'activity', 'artist', '{"activity":{"1":"8","12":"8"}}', '2013-11-15 12:02:56', NULL),
(242, 136, 'artist', 'ranking', '{"artist":{"1":"-1","2":"-1","3":"-1","4":"-1","5":"-1","6":"-1","7":"-1","8":"-1","9":"-1","10":"-1","11":"-1","12":"-1","13":"-1","14":"-1","15":"-1","16":"-1","17":"-1","18":"-1","19":"-1","20":"-1","21":"-1","22":"-1","24":"-1","25":"-1","26":"-1","27":"-1","28":"-1","29":"-1"}}', '2013-11-15 12:02:58', NULL),
(243, 136, 'artist', 'ranking', '{"artist":{"1":"-1","2":"-1","3":"-1","4":"-1","5":"-1","6":"-1","7":"-1","8":"-1","9":"-1","10":"-1","11":"-1","12":"-1","13":"-1","14":"-1","15":"-1","16":"-1","17":"-1","18":"-1","19":"-1","20":"-1","21":"-1","22":"-1","24":"-1","25":"-1","26":"-1","27":"-1","28":"-1","29":"-1"}}', '2013-11-15 12:11:12', NULL),
(244, 136, 'artist', 'ranking', '{"artist":{"1":"-1","2":"-1","3":"-1","4":"-1","5":"-1","6":"-1","7":"-1","8":"-1","9":"-1","10":"-1","11":"-1","12":"-1","13":"-1","14":"-1","15":"-1","16":"-1","17":"-1","18":"-1","19":"-1","20":"-1","21":"-1","22":"-1","24":"-1","25":"-1","26":"-1","27":"-1","28":"-1","29":"-1"}}', '2013-11-15 12:12:18', NULL),
(245, 136, 'artist', 'ranking', '{"artist":{"1":"-1","2":"-1","3":"-1","4":"-1","5":"-1","6":"-1","7":"-1","8":"-1","9":"-1","10":"-1","11":"-1","12":"-1","13":"-1","14":"-1","15":"-1","16":"-1","17":"-1","18":"-1","19":"-1","20":"-1","21":"-1","22":"-1","24":"-1","25":"-1","26":"-1","27":"-1","28":"-1","29":"-1"}}', '2013-11-15 12:13:05', NULL),
(246, 136, 'artist', 'ranking', '{"artist":{"1":"-1","2":"-1","3":"-1","4":"-1","5":"-1","6":"-1","7":"-1","8":"-1","9":"-1","10":"-1","11":"-1","12":"-1","13":"-1","14":"-1","15":"-1","16":"-1","17":"-1","18":"-1","19":"-1","20":"-1","21":"-1","22":"-1","24":"-1","25":"-1","26":"-1","27":"-1","28":"-1","29":"-1"}}', '2013-11-15 12:13:07', NULL),
(247, 136, 'artist', 'ranking', '{"artist":{"1":"-1","2":"-1","3":"-1","4":"-1","5":"-1","6":"-1","7":"-1","8":"-1","9":"-1","10":"-1","11":"-1","12":"-1","13":"-1","14":"-1","15":"-1","16":"-1","17":"-1","18":"-1","19":"-1","20":"-1","21":"-1","22":"-1","24":"-1","25":"-1","26":"-1","27":"-1","28":"-1","29":"-1"}}', '2013-11-15 12:13:59', NULL),
(248, 136, 'artist', 'ranking', '{"artist":{"1":"-1","2":"-1","3":"-1","4":"-1","5":"-1","6":"-1","7":"-1","8":"-1","9":"-1","10":"-1","11":"-1","12":"-1","13":"-1","14":"-1","15":"-1","16":"-1","17":"-1","18":"-1","19":"-1","20":"-1","21":"-1","22":"-1","24":"-1","25":"-1","26":"-1","27":"-1","28":"-1","29":"-1"}}', '2013-11-15 12:14:01', NULL),
(249, 136, 'artist', 'ranking', '{"artist":{"1":"-1","2":"-1","3":"-1","4":"-1","5":"-1","6":"-1","7":"-1","8":"-1","9":"-1","10":"-1","11":"-1","12":"-1","13":"-1","14":"-1","15":"-1","16":"-1","17":"-1","18":"-1","19":"-1","20":"-1","21":"-1","22":"-1","24":"-1","25":"-1","26":"-1","27":"-1","28":"-1","29":"-1"}}', '2013-11-15 12:15:34', NULL),
(250, 136, 'artist', 'ranking', '{"artist":{"1":"-1","2":"-1","3":"-1","4":"-1","5":"-1","6":"-1","7":"-1","8":"-1","9":"-1","10":"-1","11":"-1","12":"-1","13":"-1","14":"-1","15":"-1","16":"-1","17":"-1","18":"-1","19":"-1","20":"-1","21":"-1","22":"-1","24":"-1","25":"-1","26":"-1","27":"-1","28":"-1","29":"-1"}}', '2013-11-15 12:15:50', NULL),
(251, 136, 'artist', 'ranking', '{"artist":{"1":"-1","2":"-1","3":"-1","4":"-1","5":"-1","6":"-1","7":"-1","8":"-1","9":"-1","10":"-1","11":"-1","12":"-1","13":"-1","14":"-1","15":"-1","16":"-1","17":"-1","18":"-1","19":"-1","20":"-1","21":"-1","22":"-1","24":"-1","25":"-1","26":"-1","27":"-1","28":"-1","29":"-1"}}', '2013-11-15 12:16:01', NULL),
(252, 136, 'artist', 'ranking', '{"artist":{"1":"-1","2":"-1","3":"-1","4":"-1","5":"-1","6":"-1","7":"-1","8":"-1","9":"-1","10":"-1","11":"-1","12":"-1","13":"-1","14":"-1","15":"-1","16":"-1","17":"-1","18":"-1","19":"-1","20":"-1","21":"-1","22":"-1","24":"-1","25":"-1","26":"-1","27":"-1","28":"-1","29":"-1"}}', '2013-11-15 12:16:48', NULL),
(253, 136, 'artist', 'ranking', '{"artist":{"1":"-1","2":"-1","3":"-1","4":"-1","5":"-1","6":"-1","7":"-1","8":"-1","9":"-1","10":"-1","11":"-1","12":"-1","13":"-1","14":"-1","15":"-1","16":"-1","17":"-1","18":"-1","19":"-1","20":"-1","21":"-1","22":"-1","24":"-1","25":"-1","26":"-1","27":"-1","28":"-1","29":"-1"}}', '2013-11-15 12:17:02', NULL);

-- --------------------------------------------------------

--
-- Table structure for table `yii_wizard_session`
--

CREATE TABLE IF NOT EXISTS `yii_wizard_session` (
  `wizard_session_id` int(11) NOT NULL AUTO_INCREMENT,
  `session_id` varchar(255) NOT NULL,
  `wizard_id` varchar(255) NOT NULL,
  `ip` varchar(255) NOT NULL,
  `create_date` datetime NOT NULL,
  `modify_date` datetime DEFAULT NULL,
  PRIMARY KEY (`wizard_session_id`)
) ENGINE=InnoDB  DEFAULT CHARSET=latin1 AUTO_INCREMENT=138 ;

--
-- Dumping data for table `yii_wizard_session`
--

INSERT INTO `yii_wizard_session` (`wizard_session_id`, `session_id`, `wizard_id`, `ip`, `create_date`, `modify_date`) VALUES
(20, '52413506b9a39', 'test', '::1', '2013-09-24 08:45:26', NULL),
(21, '5241372c90e8d', 'test', '::1', '2013-09-24 08:54:36', NULL),
(22, '52413777d2e1b', 'test', '::1', '2013-09-24 08:55:51', NULL),
(23, '52413875a10e6', 'test', '::1', '2013-09-24 09:00:05', NULL),
(24, '524138790d33a', 'test', '::1', '2013-09-24 09:00:09', NULL),
(25, '524138c125831', 'test', '::1', '2013-09-24 09:01:21', NULL),
(26, '5241390c0ba5a', 'test', '::1', '2013-09-24 09:02:36', NULL),
(27, '52413939529ee', 'test', '::1', '2013-09-24 09:03:21', NULL),
(28, '5241393b971bd', 'test', '::1', '2013-09-24 09:03:23', NULL),
(29, '5241393e0ce8e', 'test', '::1', '2013-09-24 09:03:26', NULL),
(30, '5241394e8019e', 'test', '::1', '2013-09-24 09:03:42', NULL),
(31, '52413950e8235', 'test', '::1', '2013-09-24 09:03:44', NULL),
(32, '52413988b2411', 'test', '::1', '2013-09-24 09:04:40', NULL),
(33, '52413a0b7e365', 'test', '::1', '2013-09-24 09:06:51', NULL),
(34, '52413a1c3370b', 'test', '::1', '2013-09-24 09:07:08', NULL),
(35, '52413a1ee0d16', 'test', '::1', '2013-09-24 09:07:10', NULL),
(36, '52413acd3dd55', 'test', '::1', '2013-09-24 09:10:05', NULL),
(37, '52413aea69dcb', 'test', '::1', '2013-09-24 09:10:34', NULL),
(38, '52413af8503fe', 'test', '::1', '2013-09-24 09:10:48', NULL),
(39, '52413b87e7807', 'test', '::1', '2013-09-24 09:13:11', NULL),
(40, '52413b9563e43', 'test', '::1', '2013-09-24 09:13:25', NULL),
(41, '52413bac48d94', 'test', '::1', '2013-09-24 09:13:48', NULL),
(42, '52413c04ab0a4', 'test', '::1', '2013-09-24 09:15:16', NULL),
(43, '52413ce8cc0bb', 'test', '::1', '2013-09-24 09:19:04', NULL),
(44, '5243f0bcad8a7', 'test', '::1', '2013-09-26 10:30:52', NULL),
(45, '5243f0bcca59e', 'test', '::1', '2013-09-26 10:30:52', NULL),
(46, '5243fb5493ed6', 'test', '::1', '2013-09-26 11:16:04', NULL),
(47, '5243fb573d0cd', 'test', '::1', '2013-09-26 11:16:07', NULL),
(48, '5243fbe169a95', 'test', '::1', '2013-09-26 11:18:25', NULL),
(49, '5243fc05eebab', 'test', '::1', '2013-09-26 11:19:01', NULL),
(50, '5243fc1cb5e96', 'test', '::1', '2013-09-26 11:19:24', NULL),
(51, '5243fc2d7d033', 'test', '::1', '2013-09-26 11:19:41', NULL),
(52, '5243fc322faf1', 'test', '::1', '2013-09-26 11:19:46', NULL),
(53, '5243fca18280a', 'test', '::1', '2013-09-26 11:21:37', NULL),
(54, '5243fca5c092b', 'test', '::1', '2013-09-26 11:21:41', NULL),
(55, '5243fda0889fa', 'test', '127.0.0.1', '2013-09-26 11:25:52', NULL),
(56, '5243fda094d4d', 'test', '127.0.0.1', '2013-09-26 11:25:52', NULL),
(57, '5243ff4429112', 'test', '::1', '2013-09-26 11:32:52', NULL),
(58, '5243ff5c286bb', 'test', '::1', '2013-09-26 11:33:16', NULL),
(59, '5243ff95a2500', 'test', '::1', '2013-09-26 11:34:13', NULL),
(60, '5243ffc4c69ba', 'test', '::1', '2013-09-26 11:35:00', NULL),
(61, '5243ffe3aa77e', 'test', '::1', '2013-09-26 11:35:31', NULL),
(62, '5244001e643c0', 'test', '::1', '2013-09-26 11:36:30', NULL),
(63, '52440a43df513', 'test', '::1', '2013-09-26 12:19:47', NULL),
(64, '52440a515d9e8', 'test', '::1', '2013-09-26 12:20:01', NULL),
(65, '524d2a94f2019', 'test', '127.0.0.1', '2013-10-03 10:28:05', NULL),
(66, '524d2a952cbe4', 'test', '127.0.0.1', '2013-10-03 10:28:05', NULL),
(67, '524d2fa050e5c', 'test', '127.0.0.1', '2013-10-03 10:49:36', NULL),
(68, '524d2fb138f6b', 'test', '127.0.0.1', '2013-10-03 10:49:53', NULL),
(69, '524d30441df50', 'test', '127.0.0.1', '2013-10-03 10:52:20', NULL),
(70, '524d30a672927', 'test', '127.0.0.1', '2013-10-03 10:53:58', NULL),
(71, '524d30c021633', 'test', '127.0.0.1', '2013-10-03 10:54:24', NULL),
(72, '524d30f28fb34', 'test', '127.0.0.1', '2013-10-03 10:55:14', NULL),
(73, '524d3103e4690', 'test', '127.0.0.1', '2013-10-03 10:55:31', NULL),
(74, '524d3107ccc87', 'test', '127.0.0.1', '2013-10-03 10:55:35', NULL),
(75, '524d31607abd5', 'test', '127.0.0.1', '2013-10-03 10:57:04', NULL),
(76, '524d319c5e43a', 'test', '127.0.0.1', '2013-10-03 10:58:04', NULL),
(77, '524d31d82093a', 'test', '127.0.0.1', '2013-10-03 10:59:04', NULL),
(78, '524d31e3aaeb1', 'test', '127.0.0.1', '2013-10-03 10:59:15', NULL),
(79, '524d31f7ab703', 'test', '127.0.0.1', '2013-10-03 10:59:35', NULL),
(80, '524d349c305bf', 'test', '127.0.0.1', '2013-10-03 11:10:52', NULL),
(81, '524d34bdcfc08', 'test', '127.0.0.1', '2013-10-03 11:11:25', NULL),
(82, '524d34ce8e8d6', 'test', '127.0.0.1', '2013-10-03 11:11:42', NULL),
(83, '524d34d158e15', 'test', '127.0.0.1', '2013-10-03 11:11:45', NULL),
(84, '524d34e49e3ca', 'test', '127.0.0.1', '2013-10-03 11:12:04', NULL),
(85, '524d35426c7cc', 'test', '127.0.0.1', '2013-10-03 11:13:38', NULL),
(86, '524d3588563f1', 'test', '127.0.0.1', '2013-10-03 11:14:48', NULL),
(87, '524d3608d6362', 'test', '127.0.0.1', '2013-10-03 11:16:56', NULL),
(88, '524d36281ba0a', 'test', '127.0.0.1', '2013-10-03 11:17:28', NULL),
(89, '524d36507ae7f', 'test', '127.0.0.1', '2013-10-03 11:18:08', NULL),
(90, '524d368a85b70', 'test', '127.0.0.1', '2013-10-03 11:19:06', NULL),
(91, '524d38581797e', 'test', '127.0.0.1', '2013-10-03 11:26:48', NULL),
(92, '524d3cb495066', 'test', '127.0.0.1', '2013-10-03 11:45:24', NULL),
(93, '524d44ed6695c', 'test', '127.0.0.1', '2013-10-03 12:20:29', NULL),
(94, '524d4b00de9d9', 'test', '127.0.0.1', '2013-10-03 12:46:24', NULL),
(95, '524d4b0ab6779', 'test', '127.0.0.1', '2013-10-03 12:46:34', NULL),
(96, '524d4b0f79bdf', 'test', '127.0.0.1', '2013-10-03 12:46:39', NULL),
(97, '524d4b1318de5', 'test', '127.0.0.1', '2013-10-03 12:46:43', NULL),
(98, '524d4b1d7e937', 'test', '127.0.0.1', '2013-10-03 12:46:53', NULL),
(99, '524d4b56b35db', 'test', '127.0.0.1', '2013-10-03 12:47:50', NULL),
(100, '524d4b918d1ef', 'test', '127.0.0.1', '2013-10-03 12:48:49', NULL),
(101, '524d4ba932a16', 'test', '127.0.0.1', '2013-10-03 12:49:13', NULL),
(102, '524d4bc88bed7', 'test', '127.0.0.1', '2013-10-03 12:49:44', NULL),
(103, '524d4bd334eb0', 'test', '127.0.0.1', '2013-10-03 12:49:55', NULL),
(104, '524d4d62aabbb', 'test', '127.0.0.1', '2013-10-03 12:56:34', NULL),
(105, '524d4dc0820c5', 'test', '127.0.0.1', '2013-10-03 12:58:08', NULL),
(106, '524d4de1dd556', 'test', '127.0.0.1', '2013-10-03 12:58:41', NULL),
(107, '524d568658033', 'test', '127.0.0.1', '2013-10-03 13:35:34', NULL),
(108, '524e6190a3275', 'test', '127.0.0.1', '2013-10-04 08:34:56', NULL),
(109, '524e6191d5cdf', 'test', '127.0.0.1', '2013-10-04 08:34:57', NULL),
(110, '524e667f597f7', 'test', '127.0.0.1', '2013-10-04 08:55:59', NULL),
(111, '524e67a389177', 'test', '145.37.57.67', '2013-10-04 09:00:51', NULL),
(112, '524e67a399f03', 'test', '145.37.57.67', '2013-10-04 09:00:51', NULL),
(113, '524e685e649ea', 'test', '145.37.57.67', '2013-10-04 09:03:58', NULL),
(114, '52578b75c061e', 'test', '127.0.0.1', '2013-10-11 07:24:05', NULL),
(115, '52578b875b4f4', 'test', '127.0.0.1', '2013-10-11 07:24:23', NULL),
(116, '52578e01e5907', 'test', '127.0.0.1', '2013-10-11 07:34:57', NULL),
(117, '52578e75e0591', 'test', '127.0.0.1', '2013-10-11 07:36:53', NULL),
(118, '52579fe9e1d97', 'test', '127.0.0.1', '2013-10-11 08:51:21', NULL),
(119, '52806fec9d4d8', 'test', '127.0.0.1', '2013-11-11 06:49:32', NULL),
(120, '52806fedede34', 'test', '127.0.0.1', '2013-11-11 06:49:33', NULL),
(121, '528072acb8181', 'test', '127.0.0.1', '2013-11-11 07:01:16', NULL),
(122, '528072c7a67b2', 'test', '127.0.0.1', '2013-11-11 07:01:43', NULL),
(123, '528073c8c8254', 'test', '127.0.0.1', '2013-11-11 07:06:00', NULL),
(124, '52807cffd188d', 'test', '127.0.0.1', '2013-11-11 07:45:19', NULL),
(125, '52807d035ff14', 'test', '127.0.0.1', '2013-11-11 07:45:23', NULL),
(126, '52807d2856b17', 'test', '127.0.0.1', '2013-11-11 07:46:00', NULL),
(127, '5284aecfd3a85', 'test', '127.0.0.1', '2013-11-14 12:06:55', NULL),
(128, '5284aed0006de', 'test', '127.0.0.1', '2013-11-14 12:06:56', NULL),
(129, '5285cd23d7b7a', 'test', '127.0.0.1', '2013-11-15 08:28:35', NULL),
(130, '5285cd5448468', 'test', '127.0.0.1', '2013-11-15 08:29:24', NULL),
(131, '5285cdc6b8cb6', 'test', '127.0.0.1', '2013-11-15 08:31:18', NULL),
(132, '5285f07cba5b3', 'enquete', '127.0.0.1', '2013-11-15 10:59:24', NULL),
(133, '5285f07cbbde2', 'enquete', '127.0.0.1', '2013-11-15 10:59:24', NULL),
(134, '5285f085aaea5', 'enquete', '127.0.0.1', '2013-11-15 10:59:33', NULL),
(135, '5285f72c59562', 'enquete', '127.0.0.1', '2013-11-15 11:27:56', NULL),
(136, '5285f75a0f6af', 'enquete', '127.0.0.1', '2013-11-15 11:28:42', NULL),
(137, '5285fd77dd352', 'enquete', '127.0.0.1', '2013-11-15 11:54:47', NULL);

--
-- Constraints for dumped tables
--

--
-- Constraints for table `contact_painting`
--
ALTER TABLE `contact_painting`
  ADD CONSTRAINT `contact_painting_fk1` FOREIGN KEY (`painting_id`) REFERENCES `painting` (`painting_id`);

/*!40101 SET CHARACTER_SET_CLIENT=@OLD_CHARACTER_SET_CLIENT */;
/*!40101 SET CHARACTER_SET_RESULTS=@OLD_CHARACTER_SET_RESULTS */;
/*!40101 SET COLLATION_CONNECTION=@OLD_COLLATION_CONNECTION */;
